Team,Rk,Season,ConfOnly,ORtg_value,ORtg_rank,DRtg_value,DRtg_rank,AdjT_value,AdjT_rank,Luck_value,Luck_rank,OE,RankOE,DE,RankDE,Tempo,RankTempo,eFG_Pct,RankeFG_Pct,TO_Pct,RankTO_Pct,OR_Pct,RankOR_Pct,FT_Rate,RankFT_Rate,DeFG_Pct,RankDeFG_Pct,DTO_Pct,RankDTO_Pct,DOR_Pct,RankDOR_Pct,DFT_Rate,RankDFT_Rate
Abilene Christian,1,2026,false,103.877,288,111.294,195,65.7241,270,,,99.1602,315,109.213,212,67.875,230,46.9818,323,20.8103,348,33.0309,118,39.4077,92,55.9085,329,21.8232,8,30.8219,176,52.6048,363
Air Force,2,2026,false,96.2173,359,113.971,256,64.9319,312,,,92.0485,359,114.135,295,66.8487,283,49.0566,262,22.1238,358,23.0392,353,38.3648,123,54.0241,288,16.8487,194,32.4881,259,35.5227,180
Akron,3,2026,false,123.996,20,110.567,172,71.0553,32,,,125.995,2,108.111,186,72.1471,42,60.2116,2,15.1651,61,34.6014,65,28.1509,333,51.875,214,18.671,88,32.1656,241,32.1154,101
Alabama,4,2026,false,129.324,2,103.993,65,73.4894,7,,,122.708,13,108.815,198,75.9625,6,55.0778,51,12.945,5,33.2867,107,36.1179,169,47.4089,42,13.2375,353,33.5013,288,36.6802,212
Alabama A&M,5,2026,false,102.238,311,114.101,260,65.8839,265,,,101.257,291,109.039,205,68.2108,217,46.7193,326,17.2016,189,27.6316,284,44.2284,26,53.1175,261,17.397,161,28.4024,76,38.729,258
Alabama St.,6,2026,false,104.836,272,117.003,307,69.2297,91,,,100.636,300,114.841,306,71.5404,63,47.5767,306,19.076,296,32.4324,140,36.004,172,54.4147,296,18.6649,89,35.2234,326,39.7817,280
Albany,7,2026,false,103.953,287,115.759,287,65.7525,269,,,101.854,282,114.032,292,66.7199,287,49.5473,248,18.5146,268,31.6583,160,25.5533,356,53.0488,260,15.6934,260,34.4583,316,35.2642,170
Alcorn St.,8,2026,false,100.479,332,118.222,327,68.5034,127,,,93.3966,353,121.47,356,71.0382,85,47.4104,313,21.6122,354,28.6634,253,25.5976,355,57.9365,359,17.3891,162,37.9121,354,40.7738,296
American,9,2026,false,106.975,232,111.065,190,67.481,183,,,106.757,204,109.102,210,67.7708,234,51.5414,165,16.887,167,25.974,315,28.7091,325,53.5528,271,19.1823,67,31.8739,224,45.1411,338
Appalachian St.,10,2026,false,107.123,228,111.938,212,62.3423,362,,,106.954,199,107.463,166,63.6974,361,50.9991,190,15.4269,75,30.9924,181,36.0609,170,48.4288,74,14.196,332,30.2023,153,34.1035,146
Arizona,11,2026,false,127.251,4,92.4172,3,71.0656,31,,,122.303,15,92.9908,6,73.2967,23,56.3875,25,15.8692,104,40.6299,3,43.1472,35,45.2218,10,18.3824,109,25.1979,11,28.9249,46
Arizona St.,12,2026,false,118.019,69,109.16,144,69.9999,64,,,110.804,126,112.05,267,71.702,60,52.1448,145,16.5891,147,31.0873,179,41.1975,61,53.9216,285,19.1582,68,33.2303,276,36.7201,215
Arkansas,13,2026,false,127.022,6,102.763,48,71.4197,25,,,122.634,14,105.255,121,73.3118,21,56.3228,28,13.5686,13,33.8462,91,38.6855,114,50.4115,143,16.7992,201,30.5634,165,28.0658,31
Arkansas Pine Bluff,14,2026,false,103.758,292,117.944,320,70.2744,52,,,99.5009,313,119.298,349,73.2809,24,48.0674,292,19.6885,323,27.7689,278,35.1833,195,54.4971,298,15.3842,288,35.6164,333,48.5493,357
Arkansas St.,15,2026,false,112.429,129,110.821,183,72.7516,12,,,109.573,145,109.149,211,73.1562,26,50.6267,200,20.0049,332,37.0588,30,38.3169,124,51.6667,206,14.9849,308,27.8788,60,39.4595,270
Army,16,2026,false,105.2,265,121.377,352,66.1599,247,,,106.082,217,117.909,336,67.4998,256,50.4583,211,16.2374,123,29.1667,236,29.0559,318,55.6968,327,14.1679,334,27.2425,43,37.0998,223
Auburn,17,2026,false,125.174,15,104.671,78,67.9157,162,,,119.72,28,109.423,217,70.2795,117,53.2174,101,15.3697,71,39.2387,9,47.3043,6,52.0815,227,17.217,169,30.5847,166,32.1769,104
Austin Peay,18,2026,false,106.191,248,106.475,98,68.8995,108,,,107.286,193,102.326,67,70.3391,114,50.3058,221,15.1943,63,29.5868,224,32.212,263,52.3497,238,20.9699,20,29.3796,115,31.694,87
Ball St.,19,2026,false,102.553,308,115.763,288,63.8684,338,,,100.309,306,112.562,271,65.7191,326,46.5768,331,16.2009,122,27.5527,286,31.9502,266,55.6794,326,19.1546,69,33.1418,273,29.087,48
Baylor,20,2026,false,123.673,21,107.692,117,67.9157,161,,,118.365,43,109.26,215,70.6022,103,54.4244,65,16.2468,125,39.0651,10,37.8687,134,50.2291,134,15.8302,254,33.6449,292,25.9395,18
Bellarmine,21,2026,false,112.78,126,123.009,358,65.0333,309,,,112.368,108,123.569,361,66.9001,280,56.5922,21,16.9353,171,21.0843,362,39.3296,93,58.5843,363,15.4513,282,35.4955,329,34.6386,158
Belmont,22,2026,false,118.891,59,106.535,100,68.9318,103,,,115.957,62,100.371,47,70.5204,105,59.7985,4,19.061,295,29.7297,215,33.6996,230,47.515,43,18.2452,111,29.0621,96,28.1063,32
Bethune Cookman,23,2026,false,105.731,256,114.135,262,68.1768,144,,,100.496,302,116.02,320,70.7595,101,49.4898,251,18.5166,269,27.3179,294,36.8367,154,53.8873,284,15.8948,249,34.1216,308,42.4684,321
Binghamton,24,2026,false,96.351,358,121.38,353,65.6282,277,,,96.5514,337,115.9,318,65.6716,329,47.4457,311,19.972,329,22.5862,355,44.5652,19,54.9859,310,13.833,343,30.0163,142,33.2079,119
Boise St.,25,2026,false,114.345,107,102.204,47,66.4144,234,,,107.478,190,104.697,114,68.094,223,49.6907,244,17.3561,205,30.6897,186,42.9897,36,51.4933,195,16.0984,236,24.8677,8,36.0453,195
Boston College,26,2026,false,104.464,281,102.948,51,65.6123,279,,,100.501,301,99.971,44,66.3281,305,46.6697,329,15.5236,80,28.9835,242,35.6436,186,46.492,27,15.6009,271,28.8889,87,33.7478,133
Boston University,27,2026,false,110.748,156,121.908,355,63.8491,339,,,111.808,114,116.651,325,64.6797,346,56.3515,26,17.7464,225,27.7027,281,31.0411,285,55.4478,321,13.5475,349,27.5527,49,34.8107,163
Bowling Green,28,2026,false,111.755,137,106.362,95,67.7417,168,,,112.055,113,100.471,48,70.781,100,52.7426,120,16.46,138,30.2703,202,39.7679,84,50.9112,174,21.1003,18,27.9773,65,39.8633,281
Bradley,29,2026,false,111.273,147,108.484,130,68.0705,153,,,109.42,148,104.132,99,69.1279,179,50,233,13.3398,10,27.4536,288,36.8335,155,52.733,246,20.6096,29,27.8832,61,38.172,248
Brown,30,2026,false,100.134,336,108.534,131,65.9419,257,,,98.7824,319,103.985,96,66.754,285,48.1078,288,18.7187,279,28.4133,263,28.0963,334,49.8276,119,18.4262,102,31.38,199,31.954,91
Bryant,31,2026,false,97.746,351,116.517,299,64.3798,326,,,91.2,361,111.071,246,65.4612,331,44.9947,352,21.4197,353,27.422,290,25.4526,357,51.6129,203,15.1723,295,32.8179,266,30.6452,65
Bucknell,32,2026,false,99.4387,341,114.409,266,66.6343,222,,,97.2643,329,112.898,276,67.622,250,47.7639,301,20.1439,335,26.9727,300,29.8748,306,56.553,345,18.453,97,30.5246,164,34.9192,165
Buffalo,33,2026,false,113.962,115,115.913,291,66.409,236,,,116.649,58,111.354,251,67.6967,239,55.3609,44,15.5154,79,28.5968,256,43.949,30,53.7717,280,18.1013,118,31.8426,222,32.1101,99
Butler,34,2026,false,119.052,58,104.869,83,70.1416,57,,,114.263,79,104.486,107,71.7561,57,53.2062,103,16.6603,152,36.3368,41,43.3276,33,49.0778,87,15.7911,256,30.3155,157,23.8974,9
BYU,35,2026,false,125.368,14,98.7113,20,70.4809,47,,,121.135,22,97.6245,26,71.4347,67,55.9875,36,15.3987,73,35.68,49,36.3718,163,46.9306,35,17.8873,128,29.096,98,25.5338,15
Cal Baptist,36,2026,false,109.873,171,106.972,107,65.0936,306,,,107.788,185,101.944,62,67.4547,257,48.5666,277,18.4916,263,39.863,6,36.172,168,47.6465,47,16.4288,220,26.2482,24,37.389,229
Cal Poly,37,2026,false,106.043,252,112.548,227,74.3094,3,,,102.364,277,111.265,248,76.686,2,49.8077,237,21.0226,352,29.4479,230,39.3269,94,53.8249,281,15.9193,247,27.918,63,36.9585,219
Cal St. Bakersfield,38,2026,false,102.41,309,114.592,268,69.5778,77,,,99.8175,310,111.559,258,70.9174,90,45.1396,349,19.8196,326,33.4342,103,42.6371,38,52.7325,245,18.7229,87,35.5799,332,43.72,331
Cal St. Fullerton,39,2026,false,108.185,210,111.603,202,74.3151,2,,,105.007,229,111.872,265,76.7347,1,50.1759,226,15.2039,65,25.4571,329,39.6658,86,56.1538,334,19.2583,64,29.5345,123,37.1946,224
California,40,2026,false,115.499,91,104.065,67,66.8034,214,,,113.085,95,102.447,69,68.8153,199,53.343,98,14.7739,46,26.6223,307,37.5,141,48.1724,65,17.1958,171,31.7841,219,33.6457,129
Campbell,41,2026,false,111.52,141,113.614,251,70.297,51,,,106.473,210,115.179,311,70.8778,91,49.6605,245,19.0469,294,33.5394,97,45.6838,9,55.8294,328,16.7738,203,31.5881,216,36.4929,207
Canisius,42,2026,false,96.9759,356,115.33,281,64.1139,333,,,95.3953,343,111.641,261,64.5263,350,46.1271,339,19.5759,316,28.3333,266,33.7637,228,52.9245,251,15.9869,244,29.8246,132,32.0755,98
Central Arkansas,43,2026,false,107.735,217,110.844,184,67.4592,184,,,107.828,184,107.85,177,68.9713,190,52.0036,153,16.5885,146,28.2738,269,28.8707,323,53.9262,286,18.4053,107,28.0844,68,29.1391,50
Central Connecticut,44,2026,false,108.285,209,117.453,315,65.1928,298,,,108.356,172,111.392,252,66.2829,308,51.3419,176,15.449,77,27.7228,280,32.3221,260,51.5152,196,14.7513,315,32.58,262,23.7013,6
Central Michigan,45,2026,false,103.18,298,117.878,319,65.891,262,,,101.068,295,118.656,340,68.1287,220,48.9879,265,17.7864,228,28.4281,262,28.4413,329,55.3698,318,15.8869,251,35.7895,337,40.9321,300
Charleston,46,2026,false,110.501,163,111.753,207,67.8478,165,,,109.953,136,109.656,223,69.1233,180,50.8303,193,16.3081,129,30.5215,194,44.6494,18,50.7463,160,14.0535,337,30.8525,178,28.6899,43
Charleston Southern,47,2026,false,106.966,233,112.13,217,71.4362,24,,,108.056,178,106.33,142,73.4152,20,53.209,102,16.7998,160,29.0141,240,30.0954,302,46.4224,25,12.0959,364,29.3651,114,43.8793,333
Charlotte,48,2026,false,113.207,124,114.798,271,63.3126,351,,,112.076,112,111.504,256,64.2946,356,53.2454,100,17.8787,234,35.1536,55,39.2495,97,51.5842,201,15.1672,297,31.4845,211,39.505,272
Chattanooga,49,2026,false,107.209,224,115.294,280,66.4334,232,,,107.56,188,114.016,291,67.6471,243,52.6511,123,14.4348,33,20.1097,365,32.7678,252,52.0513,221,14.7826,313,32.069,235,42.1538,317
Chicago St.,50,2026,false,98.1762,347,119.816,343,66.782,216,,,94.3195,347,119.27,348,67.7909,233,43.7321,361,17.1768,186,27.8539,277,30.622,295,57.2763,350,19.619,56,38.1283,357,40.118,285
Cincinnati,51,2026,false,109.195,186,94.6843,8,68.5806,122,,,102.214,278,94.3391,11,71.127,80,48.928,268,17.1672,183,30.014,209,31.7324,271,47.6037,46,19.8311,49,25.2976,13,31.0599,72
Clemson,52,2026,false,118.351,68,97.4873,15,64.6715,318,,,114.497,72,96.6958,17,66.4706,296,53.3566,96,14.5552,41,30.5514,192,38.2738,126,46.2625,22,17.6741,147,24.7875,7,35.825,187
Cleveland St.,53,2026,false,108.57,202,123.025,359,69.0227,96,,,108.029,179,124.056,362,71.5681,62,53.0846,112,19.1737,302,28.3557,265,42.3881,41,54.8895,309,14.4385,324,39.2424,361,33.6735,130
Coastal Carolina,54,2026,false,103.521,293,110.461,169,67.9321,158,,,100.88,298,104.994,118,69.1908,175,46.686,328,14.4736,35,25.3247,333,32.8915,249,46.3592,23,12.558,361,27.6035,52,37.7023,239
Colgate,55,2026,false,110.992,153,113.511,246,66.4905,228,,,109.805,139,111.702,262,67.3546,261,53.5545,90,14.8693,48,26.1307,314,28.91,321,51.4815,193,15.6006,272,32.243,250,33.0556,115
Colorado,56,2026,false,118.763,62,107.956,120,68.9946,99,,,116.192,61,108.977,203,70.3482,113,53.3566,96,14.0488,19,31.7485,159,38.6225,116,51.5217,197,15.5354,278,28.9985,93,34.087,144
Colorado St.,57,2026,false,122.059,35,112.956,236,62.0192,364,,,120.371,24,112.64,272,64.2083,358,59.4984,6,18.17,247,31.9767,151,38.4205,121,53.3,266,15.0552,302,29.2562,107,34,140
Columbia,58,2026,false,110.854,155,111.557,201,67.4559,185,,,112.559,106,108.464,191,68.0909,224,54.7872,57,19.9756,330,37.2137,25,31.1702,282,50.1559,130,14.2812,328,27.7966,56,33.1601,117
Connecticut,59,2026,false,121.906,37,93.0599,5,65.1325,304,,,115.154,68,93.1052,7,67.3836,259,55.2679,46,16.5959,149,34.5719,66,31.875,268,43.5885,4,19.4653,61,29.1362,100,38.756,260
Coppin St.,60,2026,false,94.9815,361,124.949,363,68.3006,134,,,91.228,360,122.835,360,69.3275,168,45.0319,351,22.7904,362,28.6908,252,35.0046,197,58.045,361,16.1552,233,35.8814,339,42.5606,323
Cornell,61,2026,false,118.498,65,120.684,347,73.5575,6,,,117.308,49,119.668,352,74.2272,15,57.5916,14,16.3464,131,28.9425,244,31.5183,278,57.9641,360,15.021,305,29.2871,109,37.8692,242
Creighton,62,2026,false,120.834,46,105.851,88,66.4671,229,,,114.4,74,107.916,181,68.5614,209,55.1997,48,15.743,96,29.646,220,27.8702,339,49.9221,121,13.9293,340,31.1258,189,22.915,5
CSUN,63,2026,false,108.671,195,112.183,219,73.4892,8,,,106.257,213,109.746,227,75.0069,8,51.0686,189,18.2946,255,32.2485,145,37.8451,136,52.4237,240,15.406,287,25.416,15,36.3555,204
Dartmouth,64,2026,false,108.422,206,113.569,249,69.6836,74,,,107.878,183,110.711,243,69.6033,153,53.4524,94,18.5815,270,27.2189,297,37.9762,130,50.5274,147,13.0262,355,31.0284,183,29.2194,52
Davidson,65,2026,false,110.645,159,107.375,112,64.5036,325,,,108.201,176,105.177,119,65.0016,339,53.2051,104,16.8654,166,28.8732,249,34.9359,199,51.3757,188,17.6685,148,30.0527,143,34.0741,143
Dayton,66,2026,false,111.498,142,100.356,32,67.5392,179,,,110.418,132,97.4732,24,68.9084,194,51.767,160,15.9807,109,26.9716,301,47.5645,5,50.141,129,23.8203,3,31.5315,212,31.391,78
Delaware,67,2026,false,103.409,295,114.909,274,62.9927,357,,,101.591,286,110.589,239,64.5258,351,52.5796,125,18.0621,242,21.9739,358,26.2349,352,50,124,14.5575,322,30.6156,168,29.5,55
Delaware St.,68,2026,false,90.7773,364,113.695,252,67.2221,198,,,86.3806,364,107.321,163,67.6262,248,42.0024,365,19.6495,321,25.8123,320,30.6872,294,54.5117,301,20.6271,27,31.4534,208,37.9481,243
Denver,69,2026,false,116.028,81,124.004,361,68.1199,146,,,114.676,69,124.583,363,70.3213,115,52.8893,115,15.2242,68,29.8456,213,35.9452,175,57.9245,358,13.5512,348,36.4726,345,35.4717,178
DePaul,70,2026,false,109.744,175,103.496,59,67.1643,199,,,106.507,207,101.532,58,69.0704,185,51.2104,182,17.526,215,29.6875,218,39.851,83,48.3766,72,18.7452,86,31.3814,200,37.5696,233
Detroit Mercy,71,2026,false,106.061,251,116.129,293,69.5504,80,,,105.809,219,114.961,307,71.2676,74,46.846,325,16.4252,137,34.488,72,32.3748,258,53.7073,277,14.6919,317,31.0116,181,39.7073,276
Drake,72,2026,false,110.383,166,110.567,173,66.6875,220,,,108.98,157,108.051,185,68.3377,215,52.1287,149,14.914,50,25.3846,330,34.0587,223,50.3721,141,14.7536,314,29.7297,129,36.093,197
Drexel,73,2026,false,105.119,268,109.174,145,63.5465,344,,,103.614,253,102.446,68,64.7599,344,50.4237,212,19.1802,305,32.9323,122,29.661,309,46.9682,36,17.2296,168,31.433,203,37.5361,232
Duke,74,2026,false,126.303,8,93.1106,6,67.3325,193,,,121.561,18,92.7626,5,70.2132,123,57.7947,12,16.3787,133,36.6834,34,43.346,32,45.7714,15,20.0184,43,26.4317,28,23.8848,8
Duquesne,75,2026,false,112.66,127,109.242,149,70.811,39,,,111.122,122,107.488,168,72.0348,48,54.6124,61,18.829,285,30.2521,203,39.156,100,51.2364,185,17.4784,159,29.3355,113,42.0376,315
East Carolina,76,2026,false,100.532,330,110.554,171,68.9971,98,,,97.2045,332,110.351,234,69.5661,156,44.211,358,17.4401,211,31.9708,152,38.282,125,53.0303,258,17.123,177,31.4332,204,35.322,172
East Tennessee St.,77,2026,false,111.561,139,108.474,128,66.2005,245,,,113.708,89,102.223,65,66.9646,273,54.8972,54,15.6799,90,28.9007,246,32.1254,264,49.6942,115,19.8281,50,28.9735,92,34.9643,167
East Texas A&M,78,2026,false,100.935,324,111.46,199,69.1485,94,,,96.6142,334,109.987,233,70.0708,131,48.9665,266,20.6933,346,25.897,317,31.1024,284,53.1895,262,17.6805,146,33.44,285,35.8349,188
Eastern Illinois,79,2026,false,97.7975,350,111.262,194,65.5318,284,,,93.583,352,109.729,226,66.921,277,45.4805,347,19.8394,327,26.1426,313,32.0366,265,50.8658,170,18.4488,99,36.3803,344,35.3896,175
Eastern Kentucky,80,2026,false,109.974,169,117.987,322,66.9655,208,,,109.381,149,117.446,331,68.9495,191,51.9802,156,17.5347,216,32.2963,144,26.4626,347,54.8015,308,14.252,329,32.3625,258,36.0111,192
Eastern Michigan,81,2026,false,106.891,235,109.138,142,65.6874,272,,,103.883,248,106.34,144,68.4597,212,50.3369,218,17.204,190,29.0016,241,31.2801,280,50.3296,137,16.8793,191,29.0172,94,31.3559,77
Eastern Washington,82,2026,false,110.662,157,116.258,295,68.7686,114,,,106.828,201,117.543,333,70.2221,121,51.277,179,18.6684,274,31.3029,173,33.2024,239,57.7465,355,17.4294,160,33.9587,305,37.6258,236
Elon,83,2026,false,116.455,77,117.017,308,67.2783,196,,,117.857,46,115.189,312,69.0518,186,55.6569,42,16.0453,113,34.5104,70,34.0328,224,54.1364,292,16.0453,240,34.3168,313,33.8182,135
Evansville,84,2026,false,99.9659,337,110.595,175,68.1112,148,,,93.9525,349,110.467,237,68.8779,196,47.3523,315,20.4286,342,24.0829,346,34.7251,205,53.3302,267,16.5832,213,29.5567,124,34.1579,147
Fairfield,85,2026,false,109.008,191,118.033,324,67.5108,182,,,110.126,135,109.45,219,67.5017,255,49.1667,260,14.6472,44,34.9677,57,27.9365,338,52.0619,224,15.6776,263,27.4074,47,30.756,68
Fairleigh Dickinson,86,2026,false,100.632,329,118.881,336,66.0111,252,,,97.4151,328,114.429,300,66.6875,290,46.1538,338,19.119,300,30.9365,182,34.5596,207,56.448,341,16.5886,212,28.8802,85,37.3303,228
FIU,87,2026,false,109.243,184,111.318,196,71.6131,23,,,108.279,175,110.6,241,72.1439,43,50.6522,198,17.2368,195,34.4029,74,39.5652,88,53.0172,257,20.1708,36,37.2973,351,34.5905,155
Florida,88,2026,false,125.552,11,95.5923,11,70.0926,59,,,118.608,40,99.034,36,72.7171,36,52.1138,150,16.9366,172,43.9946,2,40.7317,69,47.0435,38,15.2719,292,23.1405,3,35.5652,181
Florida A&M,89,2026,false,100.869,326,114.161,263,68.2811,136,,,95.5956,342,110.389,235,71.473,66,48.7261,273,22.2038,359,27.3834,292,37.1975,146,52.974,255,18.8336,83,33.2613,277,42.2553,319
Florida Atlantic,90,2026,false,114.392,105,105.868,89,70.8266,38,,,112.649,104,104.092,98,71.3928,71,54.3025,69,17.5428,218,32.0433,148,32.971,244,49.905,120,17.2337,167,26.8105,37,37.7968,241
Florida Gulf Coast,91,2026,false,111.265,148,115.724,285,68.1989,142,,,110.591,128,115.15,310,70.8291,96,52.8751,117,17.0866,179,32.1821,147,30.4582,296,53.7383,279,16.0815,238,30.5994,167,41.8692,313
Florida St.,92,2026,false,114.636,101,108.327,124,72.1968,18,,,108.838,162,107.545,171,74.8184,10,50.4862,210,16.9533,173,32.9412,121,33.8736,225,52.9488,254,20.6113,28,33.4333,284,36.2533,202
Fordham,93,2026,false,105.635,258,108.963,140,64.0245,336,,,104.998,230,103.258,81,64.7757,343,48.9226,269,17.6173,219,36.5132,37,22.429,364,49.6347,113,15.4379,286,25.5575,16,26.7223,23
Fresno St.,94,2026,false,106.792,237,103.757,63,68.161,145,,,102.61,273,102.45,70,70.2049,124,50.1461,228,20.0208,333,29.5455,227,33.3009,238,50.8483,167,19.7042,53,29.4953,119,28.558,41
Furman,95,2026,false,108.082,213,109.402,153,66.632,223,,,108.86,160,106.817,154,67.6502,242,53.5176,93,18.7004,277,32.4415,138,31.1558,283,50,124,14.4113,326,28.5039,77,25.7143,17
Gardner Webb,96,2026,false,97.3881,353,124.965,364,70.5834,45,,,90.677,363,126.955,365,72.1028,44,45.813,342,20.9577,351,23.4421,351,32.3272,259,58.7446,364,14.0232,338,37.2168,350,34.632,156
George Mason,97,2026,false,116.621,76,105.04,85,64.5616,323,,,117.084,53,101.123,53,66.4229,300,54.1667,71,14.3859,31,30.8378,184,49.3827,2,48.2194,69,16.5605,215,27.7693,55,28.0077,29
George Washington,98,2026,false,120.964,42,109.418,155,69.9138,69,,,119.095,37,104.574,113,71.4118,69,55.9982,35,17.1929,188,35.9551,44,38.8278,108,51.9084,217,18.1265,117,27.5478,48,34.6374,157
Georgetown,99,2026,false,114.353,106,107.302,111,66.5063,227,,,109.021,156,107.089,160,67.7051,238,48.532,278,14.4293,32,32.6087,134,40.9253,64,49.5036,103,16.5669,214,30.2766,156,37.2744,226
Georgia,100,2026,false,122.47,31,101.068,40,74.3645,1,,,121.213,21,97.149,23,76.6396,3,54.2215,70,14.4978,37,37.0523,31,40.8985,65,46.4481,26,19.69,54,33.7469,296,29.1179,49
Georgia Southern,101,2026,false,109.009,190,116.367,297,70.7403,41,,,109.261,152,109.438,218,72.8942,31,49.3305,256,14.1086,22,29.5425,228,42.3431,43,51.4103,191,19.1423,70,35.6841,335,40.5983,292
Georgia St.,102,2026,false,99.8932,338,109.278,150,68.4402,130,,,96.5524,336,106.024,138,70.0042,133,44.0613,359,17.618,220,27.3128,295,35.6322,188,49.1308,91,16.9831,183,33.284,280,34.9497,166
Georgia Tech,103,2026,false,109.58,177,106.047,90,70.5354,46,,,104.384,235,101.056,50,72.0643,47,50.885,192,19.0997,299,31.8862,154,36.8142,157,46.8434,32,15.9043,248,29.3035,110,34.0909,145
Gonzaga,104,2026,false,125.829,10,95.1348,9,69.999,65,,,122.963,11,90.9019,1,72.7538,35,57.4114,15,14.3206,29,37.3297,23,30.8749,290,45.3741,11,20.5696,31,24.6394,5,31.6171,85
Grambling St.,105,2026,false,102.74,305,112.574,229,67.7312,169,,,100.454,303,108.586,192,69.7984,144,50.6105,201,22.3859,360,29.7189,217,49.6947,1,52.8153,247,21.2218,17,35.4086,328,41.7793,311
Grand Canyon,106,2026,false,110.556,161,100.223,29,67.8441,166,,,107.513,189,98.8548,34,69.6542,150,50.1925,224,17.866,232,32.7273,131,38.7873,111,47.9723,55,18.0256,122,26.5802,31,37.092,221
Green Bay,107,2026,false,111.859,135,118.008,323,62.8476,358,,,111.366,121,118.556,339,65.2525,334,54.5735,62,16.59,148,24.1563,343,44.5015,20,55.4775,322,12.9835,356,28.8961,88,38.2022,251
Hampton,108,2026,false,104.561,279,110.691,178,65.1185,305,,,102.789,269,104.88,116,65.9472,321,46.328,335,18.1964,249,34.2679,76,41.3481,56,50.6821,159,18.4491,98,30.782,174,44.596,335
Harvard,109,2026,false,109.678,176,110.694,179,63.4937,346,,,108.736,163,106.144,140,64.7238,345,53.7368,85,17.1507,181,27.2381,296,23.8947,363,52.0548,222,17.8729,130,29.7989,130,28.1349,33
Hawaii,110,2026,false,107.007,231,99.8165,26,68.6736,118,,,108.548,168,91.5648,3,71.0567,83,52.6869,121,19.6088,318,32.8657,125,41.2383,59,44.1143,5,17.92,127,25.9392,18,34.1714,148
High Point,111,2026,false,119.898,54,112.032,216,69.3413,87,,,122.853,12,101.2,55,70.3955,111,55.9091,38,12.9231,3,32.1928,146,42.9091,37,50.4836,145,21.4087,13,31.0726,186,35.3965,176
Hofstra,112,2026,false,115.444,93,110.202,165,65.5051,286,,,113.484,92,107.916,182,66.2425,309,52.2179,143,16.496,140,34.2062,78,34.5227,209,48.1214,61,15.7462,258,32.2679,252,38.4393,254
Holy Cross,113,2026,false,101.913,314,117.078,309,64.7052,317,,,99.8467,309,113.517,287,65.8917,322,49.5366,250,16.8627,165,21.6354,360,31.2049,281,54.7619,307,15.0078,306,28.3713,75,28.4742,39
Houston,114,2026,false,124.175,19,92.9738,4,63.3617,349,,,119.68,29,91.2611,2,65.2164,335,52.1341,147,13.195,8,38.5779,12,25,359,45.7701,14,23.6834,4,30.7443,170,38.1779,250
Houston Christian,115,2026,false,107.539,218,119.305,338,64.0147,337,,,106.309,211,116.792,326,64.519,352,51.9868,154,18.7394,280,29.8748,212,37.1965,147,56.2304,336,16.2046,232,31.9549,227,30.6806,67
Howard,116,2026,false,101.329,320,109.521,157,68.3448,133,,,100.069,308,102.275,66,68.6523,204,47.5816,305,20.0285,334,32,150,39.2576,96,50.8711,171,21.394,14,31.4501,207,41.3473,305
Idaho,117,2026,false,110.258,167,112.676,232,66.7622,217,,,109.791,141,110.396,236,69.1108,181,51.4318,173,15.585,82,29.1822,235,39.0607,104,52.1612,230,16.2543,231,27.8107,58,40.771,295
Idaho St.,118,2026,false,112.265,131,115.703,284,64.1076,334,,,112.082,111,113.356,283,66.9625,274,54.0571,75,17.7844,227,34.004,83,40.4571,73,52.1547,229,16.3023,228,31.4115,202,39.558,273
Illinois,119,2026,false,129.605,1,99.1766,23,66.2183,243,,,126.219,1,100.187,45,67.5678,252,55.789,40,14.3326,30,39.8438,7,34.3911,211,46.0181,18,12.0736,365,27.1754,40,19.376,1
Illinois Chicago,120,2026,false,108.644,198,107.281,110,66.2732,239,,,105.965,218,104.507,110,67.1826,266,47.5714,307,18.1237,244,37.0597,29,39.1429,101,48.2993,70,20.0014,44,35.625,334,36.5403,210
Illinois St.,121,2026,false,114.142,110,104.831,82,66.5933,225,,,113.056,97,98.586,32,68.1268,221,54.4756,63,16.0508,114,30.4075,197,34.5389,208,47.7465,48,17.126,176,25.2585,12,36.5258,209
Incarnate Word,122,2026,false,107.146,226,113.074,238,65.9352,260,,,105.302,225,111.538,257,66.1461,314,48.174,286,15.307,69,31.0225,180,33.8346,226,53.0162,256,16.8188,198,31.9106,226,41.5313,307
Indiana,123,2026,false,121.538,40,103.223,55,67.2438,197,,,117.302,50,102.094,63,68.8776,197,56.1468,32,15.5883,83,29.5987,222,37.2477,145,46.8203,31,16.6581,209,28.7611,81,38.7097,257
Indiana St.,124,2026,false,107.971,214,110.743,180,68.7166,116,,,103.497,257,106.937,159,69.2607,171,52.1388,146,18.1902,248,24.127,344,30.038,304,50,124,14.8332,312,31.3522,198,26.9965,24
Iona,125,2026,false,104.993,270,110.585,174,70.221,54,,,104.508,234,103.878,93,70.1617,128,51.8182,158,16.7735,156,25.2646,335,27.9842,337,49.1997,93,16.8406,195,31.4465,206,28.2012,34
Iowa,126,2026,false,122.029,36,97.5991,16,63.8193,340,,,120.701,23,96.905,18,64.4217,354,58.4971,8,16.0946,116,31.4711,167,36.9352,152,49.1005,89,22.4671,6,29.0878,97,38.4127,253
Iowa St.,127,2026,false,125.468,12,94.4693,7,67.6646,172,,,123.072,10,93.526,9,69.3204,169,57.897,11,14.8054,47,37.7567,17,35.4506,190,48.4492,76,23.5368,5,29.2308,106,26.3158,20
IU Indy,128,2026,false,107.032,229,121.168,350,74.19,4,,,107.388,192,119.21,347,76.0676,5,51.7429,161,15.7506,97,29.3147,232,22.077,365,58.3542,362,19.868,47,37.4034,352,47.452,353
Jackson St.,129,2026,false,102.216,312,118.042,325,70.8557,36,,,93.7191,351,122.156,358,72.3014,39,46.4149,334,20.2855,339,24.4378,342,31.5488,275,55.6444,325,15.752,257,39.4172,362,42.3111,320
Jacksonville,130,2026,false,102.716,306,114.003,258,63.3977,348,,,101.266,290,114.093,293,65.6908,328,49.4059,252,18.6453,272,29.9835,210,29.4059,311,55.6017,324,16.0417,241,29.1439,102,42.6349,324
Jacksonville St.,131,2026,false,105.939,253,111.528,200,63.6663,343,,,104.315,237,107.938,183,65.0317,338,49.3766,253,17.4274,210,30.1741,205,42.2693,45,49.5758,106,15.8897,250,29.8805,135,36.7273,216
James Madison,132,2026,false,110.429,164,117.215,313,65.7607,268,,,109.729,143,114.996,308,67.8261,232,52.2395,141,17.4188,208,30.3075,200,35.9232,177,50.8929,173,12.9485,357,32.2397,249,43.8393,332
Kansas,133,2026,false,121.814,38,96.3942,13,67.4015,188,,,113.333,93,98.1466,30,67.7287,235,53.8739,79,15.0987,60,28.9137,245,33.5135,232,44.3201,6,13.7957,344,29.2289,105,27.1973,25
Kansas City,134,2026,false,99.6197,339,118.302,330,68.972,100,,,96.5471,338,118.825,344,71.3941,70,47.1642,320,19.3623,308,28.6169,255,31.8408,270,56.5197,344,16.3961,222,36.2862,342,32.2702,105
Kansas St.,135,2026,false,116.852,75,106.853,103,72.271,16,,,114.14,82,107.436,165,74.8303,9,55.2865,45,17.021,176,32.7407,130,28.2486,332,50.6672,156,16.9506,186,32.1937,244,35.6964,184
Kennesaw St.,136,2026,false,111.377,145,110.902,187,73.084,9,,,110.311,133,107.995,184,74.7035,12,49.9513,235,17.7944,229,37.4422,21,43.2749,34,48.794,80,15.6525,267,30.1917,152,46.9347,350
Kent St.,137,2026,false,115.65,88,113.986,257,71.8252,21,,,115.822,64,112.832,274,74.202,16,54.3416,68,18.7068,278,35.9143,45,44.4656,21,54.5195,302,16.1453,234,29.3924,116,40.9134,299
Kentucky,138,2026,false,122.42,33,100.874,38,67.6339,175,,,119.26,34,101.774,59,69.5829,155,54.6862,59,14.5983,43,34.1945,79,35.6836,184,48.0525,58,16.8674,193,27.802,57,34.3297,150
La Salle,139,2026,false,107.257,221,111.99,214,64.5756,321,,,101.547,288,112.876,275,65.7553,325,46.878,324,19.5302,314,34.4512,73,38.8088,109,54.4158,297,16.8087,199,32.5914,263,30.1748,58
Lafayette,140,2026,false,102.315,310,116.443,298,67.3673,192,,,102.368,276,113.484,286,67.6665,240,49.0967,261,15.8472,102,25.7971,321,30.8943,289,54.1256,291,14.9969,307,30.2652,155,33.1839,118
Lamar,141,2026,false,104.205,284,108.888,138,65.5458,282,,,103.557,254,105.201,120,66.415,301,48.0578,293,18.2028,250,34.9026,59,29.4821,310,51.1851,182,19.0822,73,30.0712,145,48.4199,356
Le Moyne,142,2026,false,106.512,244,115.449,283,68.6508,119,,,106.231,214,108.806,196,69.0972,182,52.8846,116,19.3769,310,27.3504,293,38.0567,128,50.184,131,15.6784,262,31.994,228,33.4867,125
Lehigh,143,2026,false,103.131,300,115.445,282,67.3956,189,,,101.933,281,109.894,232,67.3435,262,51.2758,180,17.453,213,21.8954,359,32.4828,257,51.5449,199,17.8497,134,35.0482,325,36.236,200
Liberty,144,2026,false,119.215,57,110.875,186,63.7224,342,,,117.086,52,107.835,176,65.1654,337,59.7938,5,13.7941,15,20.4641,364,30.3551,298,50.5808,150,17.7896,139,34.2806,312,25.4488,14
Lindenwood,145,2026,false,103.137,299,109.774,159,72.0928,19,,,100.904,296,103.804,91,73.3117,22,47.4898,309,18.585,271,33.3333,106,40.1639,76,49.9492,123,18.4145,104,31.8792,225,35.4315,177
Lipscomb,146,2026,false,108.647,197,108.407,126,70.6214,44,,,107.933,182,106.106,139,72.4492,38,52.4172,133,16.5266,143,25.6449,325,28.0215,336,52.0455,220,18.659,90,30.1538,149,31.2727,76
Little Rock,147,2026,false,105.757,255,116.75,303,66.144,249,,,102.032,280,113.3,281,67.7243,236,50.7276,195,20.7589,347,32.3024,143,30.3534,299,55.202,313,19.5429,60,36.9449,349,30.6061,64
LIU,148,2026,false,107.859,215,112.186,220,68.1799,143,,,107.111,194,108.748,194,69.6497,151,52.4713,131,20.4231,341,37.7811,16,32.7449,253,52.305,236,18.3958,108,34.3797,315,35.727,185
Long Beach St.,149,2026,false,108.606,199,113.881,255,68.0523,154,,,103.431,259,111.6,260,69.9033,141,50.5905,203,17.3521,203,27.4247,289,29.3307,313,54.3067,294,17.8503,133,28.5448,78,42.542,322
Longwood,150,2026,false,106.157,249,115.798,289,68.0729,152,,,106.811,202,109.081,209,68.8978,195,49.8045,238,19.4223,312,34.7687,61,41.5445,51,54.0541,290,19.2631,63,29.2154,104,41.2412,304
Louisiana,151,2026,false,97.8647,349,113.291,243,62.4877,361,,,94.9513,344,108.907,202,63.3179,364,46.6989,327,18.5008,265,26.5077,311,26.1444,353,52.1678,232,17.7487,141,31.677,218,46.0886,345
Louisiana Monroe,152,2026,false,100.27,333,123.139,360,70.7184,43,,,98.0061,322,119.413,350,71.2597,76,48.7019,274,18.3821,257,23.1118,352,35.8654,178,57.5745,353,15.9978,243,35.545,330,24.9362,11
Louisiana Tech,153,2026,false,100.862,327,107.586,114,63.1759,356,,,98.9256,318,102.935,76,63.3006,365,44.3023,357,16.9303,170,33.9755,85,33.1395,241,48.647,78,17.5574,154,29.8479,134,32.7183,109
Louisville,154,2026,false,126.9,7,100.824,35,70.0156,63,,,122.23,16,96.9815,19,71.9396,50,56.433,24,15.754,98,34.8837,60,35.7587,182,45.8372,16,17.5301,155,26.4205,27,35.9214,191
Loyola Chicago,155,2026,false,106.424,245,118.82,335,66.0401,251,,,102.818,268,117.45,332,65.9538,320,49.5471,249,20.1656,336,33.5269,98,34.8732,201,51.8236,209,12.3571,362,32.2108,246,34.6904,159
Loyola Marymount,156,2026,false,105.063,269,104.326,73,67.5399,178,,,102.831,266,102.946,77,68.9433,193,51.2156,181,18.274,254,27.0014,299,29.7407,308,47.3417,40,16.7115,205,32.3155,255,32.0563,97
Loyola MD,157,2026,false,104.725,276,120.214,346,68.2863,135,,,104.62,233,114.544,301,68.9868,189,50.6092,202,17.1221,180,28.7692,250,31.4902,279,55.1887,312,16.0819,237,31.0811,187,33.5849,127
LSU,158,2026,false,121.55,39,104.492,75,67.0626,204,,,119.175,36,104.522,111,69.4406,161,55.1537,49,15.8911,105,33.4421,101,42.5859,39,48.0853,60,15.0627,300,29.9595,139,35.3351,173
Maine,159,2026,false,91.8032,363,110.815,182,64.1825,331,,,90.6825,362,105.754,129,64.5006,353,47.225,317,20.8525,349,22.9008,354,36.226,167,49.3744,100,18.6045,91,35.7143,336,33.9589,138
Manhattan,160,2026,false,105.907,254,122.137,357,68.7649,115,,,104.286,238,117.283,330,69.1625,176,47.8661,299,15.6849,92,27.7322,279,34.3096,215,55.32,316,16.8204,197,38.2229,358,23.9013,10
Marist,161,2026,false,101.242,321,101.135,41,66.6908,219,,,102.61,272,93.1761,8,67.641,245,49.5718,246,17.2479,196,28.479,260,25.3092,358,44.4561,7,20.7796,25,26.8446,38,40.8996,298
Marquette,162,2026,false,112.204,132,107.785,118,69.4284,83,,,105.081,228,109.001,204,70.9847,86,48.2143,284,15.2119,66,31.4465,168,35.3175,192,52.0936,228,19.084,72,33.3815,283,32.5123,107
Marshall,163,2026,false,111.398,144,112.017,215,69.5603,79,,,112.814,100,106.919,158,71.1059,81,54.3777,67,17.9865,238,34.2772,75,29.8712,307,48.1288,62,16.6542,210,31.9946,229,40.9922,302
Maryland,164,2026,false,111.881,134,106.967,106,67.6527,174,,,105.592,222,111.578,259,69.7642,145,48.0304,294,17.9878,239,33.2406,111,41.0922,62,54.048,289,17.0884,178,30.781,172,33.9858,139
Maryland Eastern Shore,165,2026,false,98.7105,343,113.735,254,63.202,354,,,93.3727,354,109.84,231,64.982,340,47.0273,322,22.6451,361,29.8273,214,28.5575,328,50.2838,136,17.4804,157,34.3701,314,40.0189,283
Massachusetts,166,2026,false,107.25,222,109.199,146,71.7455,22,,,108.337,173,103.835,92,73.0583,29,52.5541,127,18.7441,281,32.8909,124,38.5281,120,51.0708,177,17.7425,143,25.9781,19,45.9032,344
McNeese,167,2026,false,118.512,64,106.233,94,66.1796,246,,,116.669,57,103.094,79,67.2941,264,51.6915,163,14.6853,45,36.9416,33,37.8109,137,50.2207,133,24.1259,1,36.5352,346,41.9426,314
Memphis,168,2026,false,108.747,194,100.841,36,68.8329,110,,,104.095,243,102.916,75,70.6871,102,49.3151,257,20.2046,337,36.0778,42,33.4247,235,47.6034,45,19.5805,58,35.8321,338,39.7556,278
Mercer,169,2026,false,115.194,96,112.881,235,69.7305,72,,,115.826,63,111.49,254,70.4551,107,53.6857,86,15.9467,107,33.9404,87,36.3725,162,52.9301,253,17.867,132,34.6092,319,28.9225,45
Mercyhurst,170,2026,false,100.234,335,111.931,211,63.5436,345,,,99.5001,314,105.846,130,64.3137,355,48.0928,289,15.7117,95,26.8503,302,24.433,362,49.9439,122,19.7986,51,33.2734,278,42.1998,318
Merrimack,171,2026,false,106.551,243,110.677,177,63.4406,347,,,104.09,244,107.733,174,64.5577,348,48.3857,282,15.7851,99,24.8217,339,38.565,119,48.4161,73,19.3256,62,41.094,365,38.7842,262
Miami FL,172,2026,false,118.625,63,100.326,30,68.9183,104,,,118.962,39,97.0152,22,71.2171,78,56.2715,30,16.3326,130,37.5394,19,37.8866,133,49.359,98,20.0277,42,26.3623,25,31.9597,92
Miami OH,173,2026,false,117.989,70,108.95,139,70.8568,35,,,121.547,19,103.69,87,71.7464,58,60.4396,1,15.0786,59,25.1894,337,39.4605,90,50.5361,148,18.4472,100,27.1845,41,33.2359,121
Michigan,174,2026,false,127.158,5,91.208,2,73.0381,10,,,123.366,7,92.2924,4,74.6688,14,59.3583,7,16.2527,126,35.1536,55,41.3547,55,42.6757,2,17.0653,179,27.7635,54,27.6037,27
Michigan St.,175,2026,false,119.997,53,90.0275,1,65.712,271,,,115.713,65,93.7052,10,67.623,249,53.6355,88,18.1346,245,39.2801,8,36.535,160,46.0206,19,16.7336,204,21.5429,1,28.6517,42
Middle Tennessee,176,2026,false,109.981,168,106.825,102,65.0846,307,,,105.788,220,106.341,145,66.6712,291,51.4773,170,17.6887,223,29.7196,216,28.4091,330,48.356,71,15.0501,303,30.4745,161,37.415,230
Milwaukee,177,2026,false,108.476,204,115.753,286,67.9013,163,,,108.089,177,116.465,324,69.7294,148,49.3636,254,15.2016,64,34.1936,80,30.9467,288,55.3722,319,15.5602,275,30.2115,154,35.8714,190
Minnesota,178,2026,false,114.282,108,103.943,64,63.2373,353,,,110.537,129,103.789,90,64.5833,347,52.6803,122,16.3985,136,30.6836,187,42.3002,44,49.2978,97,17.5184,156,29.5209,122,31.5543,82
Mississippi,179,2026,false,116.214,79,104.058,66,65.1898,300,,,110.943,125,104.491,108,67.6465,244,51.1525,184,14.5315,39,30.3167,199,33.3333,237,49.0296,84,17.6234,150,31.6401,217,39.2791,266
Mississippi St.,180,2026,false,113.769,116,104.427,74,68.6876,117,,,108.608,166,107.249,162,71.0937,82,50.4115,214,15.3912,72,32.0323,149,32.5103,256,47.9049,53,13.2132,354,30,140,31.5874,84
Mississippi Valley St.,181,2026,false,87.9845,365,122.125,356,66.635,221,,,86.0638,365,122.737,359,70.3999,109,43.4123,362,23.1432,365,25.7186,324,31.564,274,57.8422,357,16.9322,189,36.6883,348,46.3282,348
Missouri,182,2026,false,120.199,52,105.727,87,66.1457,248,,,117.147,51,105.88,133,68.6586,203,57.2289,18,18.4743,261,35.7616,47,40.5931,71,49.4565,102,17.1712,174,31.085,188,34.5109,153
Missouri St.,183,2026,false,108.286,208,111.928,210,64.6271,319,,,106.517,206,109.311,216,66.5973,292,49.6984,242,17.3538,204,32.4478,137,46.3209,8,51.7921,208,18.1426,116,34.4758,317,40.7407,294
Monmouth,184,2026,false,104.294,283,108.606,134,66.0639,250,,,102.576,274,104.014,97,66.8651,282,48.3886,281,17.3406,201,31.3253,172,34.07,222,49.0999,88,19.5956,57,33.815,299,31.5032,81
Montana,185,2026,false,111.249,151,111.386,198,69.689,73,,,109.089,155,110.768,244,71.855,53,56.2044,31,19.5765,317,22.2707,357,38.1995,127,50.8845,172,14.1953,333,31.5331,213,31.2175,75
Montana St.,186,2026,false,110.647,158,109.405,154,65.563,281,,,109.933,137,108.393,190,67.5621,253,52.8939,114,15.6021,84,27.6051,285,30.4394,297,50.4828,144,16.0609,239,30.0935,146,33.0472,114
Morehead St.,187,2026,false,106.282,247,118.192,326,65.4574,289,,,104.098,242,115.226,313,67.9323,228,47.8175,300,18.9656,293,36.9952,32,34.8214,203,52.3144,237,15.2921,289,36.2179,341,37.2228,225
Morgan St.,188,2026,false,99.4432,340,124.077,362,69.1124,95,,,96.9137,333,118.809,343,69.2555,173,44.7398,354,18.8613,289,30.2721,201,40.753,68,57.5059,351,16.9662,185,32.3045,254,57.3286,365
Mount St. Mary's,189,2026,false,100.265,334,111.729,204,68.5606,123,,,96.5811,335,107.19,161,69.2572,172,49.9542,234,23.1013,364,29.5964,223,34.4322,210,49.276,96,15.2813,291,28.6104,79,38.7564,261
Murray St.,190,2026,false,119.259,56,110.302,168,72.3954,14,,,119.532,32,106.221,141,73.6087,19,55.9822,37,16.3703,132,34.5609,68,39.8545,82,49.0669,86,16.3703,224,32.1196,238,32.1151,100
N.C. State,191,2026,false,122.414,34,101.288,42,68.934,102,,,120.008,26,101.086,51,70.3086,116,56.5891,22,13.7559,14,28.5281,259,35.3144,193,51.09,178,20.1161,39,26.003,21,39.6209,275
Navy,192,2026,false,105.217,264,107.954,119,66.0002,253,,,107.434,191,99.169,38,66.43,298,50.5086,208,17.4215,209,30.0166,208,41.9125,48,47.9552,54,17.5866,153,26.2166,23,28.8218,44
Nebraska,193,2026,false,123.491,22,96.3839,12,66.8466,211,,,118.444,41,95.2864,15,68.6118,207,56.7164,20,13.1173,6,26.8139,303,29.0606,317,46.6049,29,18.8705,80,27.0308,39,22.8395,4
Nebraska Omaha,194,2026,false,106.831,236,115.892,290,66.4026,237,,,105.555,223,114.321,299,68.3937,213,51.9392,157,17.2528,197,25.5773,327,35.7442,183,53.4965,270,14.9467,309,30.137,147,35.2647,171
Nevada,195,2026,false,118.874,60,106.545,101,65.4635,288,,,116.244,60,105.977,137,66.1067,315,50.37,216,13.9155,16,33.4835,100,45.2359,10,50.6776,157,17.7107,144,29.3292,112,39.5934,274
New Hampshire,196,2026,false,98.3833,346,112.98,237,66.8422,212,,,94.4245,346,109.635,222,67.368,260,45.9812,340,17.2169,193,25.7377,323,26.618,345,51.683,207,15.6845,261,28.7273,80,38.5451,256
New Haven,197,2026,false,97.3819,354,114.253,264,62.6471,360,,,93.0516,355,108.808,197,63.6523,362,47.7246,303,19.7361,325,23.5632,349,26.1078,354,53.0425,259,17.8705,131,29.6443,127,28.3582,36
New Mexico,198,2026,false,115.954,83,99.5118,25,70.1045,58,,,112.76,101,96.5506,16,71.1854,79,53.1279,108,15.9989,111,29.5238,229,34.9586,198,47.8764,52,20.6035,30,27.9141,62,32.1429,102
New Mexico St.,199,2026,false,113.592,117,109.39,152,66.4102,235,,,112.395,107,106.824,155,67.1214,269,51.3317,177,15.6433,89,33.1288,115,33.1719,240,48.1699,64,15.6433,268,28.866,84,45.7516,343
New Orleans,200,2026,false,113.47,118,117.984,321,69.1722,93,,,106.774,203,116.259,321,69.7426,147,50.1848,225,20.3942,340,35.5932,50,41.22,60,50.3356,138,13.5711,347,36.0324,340,40.0168,282
Niagara,201,2026,false,98.6596,344,119.073,337,61.8472,365,,,97.2373,330,115.059,309,63.7167,360,47.8822,298,17.8743,233,24.1206,345,26.343,350,53.4184,269,17.1767,173,35.5752,331,36.0204,193
Nicholls,202,2026,false,109.17,187,114.373,265,68.6192,120,,,105.502,224,113.307,282,69.4986,160,51.534,166,17.1866,187,28.2209,271,35.187,194,56.8298,347,21.4233,12,34.5936,318,40.265,289
NJIT,203,2026,false,98.538,345,114.882,273,68.2355,140,,,95.7743,340,110.563,238,69.0781,183,45.6866,344,18.2402,252,25.7802,322,34.331,214,50.8453,166,15.4897,280,32.8729,267,39.3068,267
Norfolk St.,204,2026,false,101.672,316,113.596,250,67.0342,206,,,98.1293,321,107.858,179,68.1066,222,47.0682,321,19.1741,303,31.1475,176,42.0043,47,50.6785,158,17.6194,151,33.6222,291,41.858,312
North Alabama,205,2026,false,103.771,291,119.914,344,65.9653,256,,,103.103,264,118.916,346,66.2845,307,47.7423,302,16.4663,139,30.4348,196,37.5551,140,54.6744,306,14.1273,335,34.2644,311,32.6681,108
North Carolina,206,2026,false,122.894,28,103.052,52,67.8855,164,,,118.214,44,100.297,46,69.6217,152,55.5457,43,14.5901,42,34.5201,69,41.26,57,46.0905,20,13.683,345,27.2487,44,23.8683,7
North Carolina A&T,207,2026,false,104.62,277,116.838,305,68.9983,97,,,106.301,212,111.864,263,69.593,154,49.2778,258,18.68,275,33.2737,110,44.6667,17,52.2872,235,13.9202,341,27.381,46,40.3191,290
North Carolina Central,208,2026,false,100.899,325,119.81,342,66.5873,226,,,97.5262,327,120.447,355,68.0675,225,44.9939,353,18.511,267,28.3088,267,41.8803,49,56.5167,343,17.6296,149,37.747,353,41.0611,303
North Dakota,209,2026,false,106.297,246,118.636,334,67.5119,181,,,103.372,261,114.306,297,69.9038,140,48.5075,279,15.4022,74,28.294,268,36.6989,158,57.7519,356,20.3875,33,31.8718,223,46.9961,351
North Dakota St.,210,2026,false,111.522,140,109.228,148,66.4586,230,,,111.569,118,103.296,82,68.4786,211,51.3429,175,16.3969,135,35.4354,52,32.2292,262,51.6521,205,20.3767,34,29.8333,133,30.4179,59
North Florida,211,2026,false,109.2,185,126.793,365,70.7216,42,,,104.122,241,126.632,364,73.1299,27,52.598,124,18.8402,286,23.8318,348,24.7037,360,57.5207,352,13.5224,350,40.6393,364,33.2231,120
North Texas,212,2026,false,104.112,286,100.921,39,64.7585,316,,,101.203,293,98.9065,35,66.0529,317,47.1718,319,19.4514,313,33.8435,92,39.1676,99,46.6667,30,21.6618,10,32.9861,270,49.5402,358
Northeastern,213,2026,false,109.444,182,116.626,301,69.9927,66,,,108.515,170,114.648,304,70.1911,126,53.3333,99,17.2144,192,28.0488,275,32.8889,250,56.378,338,19.0029,75,33.5,287,40.7821,297
Northern Arizona,214,2026,false,103.841,289,118.53,332,64.3479,329,,,100.147,307,116.412,323,66.8882,281,50.1579,227,17.3248,200,24.7387,340,29.3684,312,55.3862,320,16.7092,206,32.6889,264,31.8089,90
Northern Colorado,215,2026,false,111.983,133,113.241,242,68.4998,128,,,111.686,115,111.424,253,70.3498,112,55.0573,53,16.5657,144,28.4468,261,27.7672,340,51.11,179,12.8303,360,25.4125,14,39.7683,279
Northern Illinois,216,2026,false,101.005,322,114.679,269,67.9165,160,,,98.4184,320,113.072,278,70.2148,122,48.1502,287,23.0542,363,34.669,63,41.3677,54,55.365,317,17.8025,138,32.0236,233,41.5929,308
Northern Iowa,217,2026,false,104.81,273,98.7841,21,62.112,363,,,101.603,285,95.0938,13,63.4684,363,50.0951,230,14.1605,23,21.319,361,26.5209,346,45.6863,13,18.0894,120,25.9939,20,31.7647,89
Northern Kentucky,218,2026,false,110.4,165,111.072,191,69.9172,68,,,114.251,80,108.839,199,70.8361,93,53.4122,95,16.8172,161,32.81,127,35.0318,196,54.5279,304,19.6201,55,32.3232,256,36.8979,218
Northwestern,219,2026,false,119.635,55,106.418,96,65.6586,273,,,114.378,76,106.802,153,66.9458,275,52.1739,144,12.4235,1,29.5527,226,38.4058,122,48.19,66,16.3302,226,33.8782,302,37.0136,220
Northwestern St.,220,2026,false,109.168,188,119.554,339,65.2974,296,,,104.722,232,118.735,342,66.0715,316,51.1481,185,19.1779,304,25.8491,319,44.8909,13,57.0815,349,16.9684,184,34.9328,322,41.6309,309
Notre Dame,221,2026,false,114.536,103,104.151,69,65.1916,299,,,109.318,151,105.369,125,66.2223,311,52.2852,139,17.6862,222,33.4347,102,32.5411,255,49.5818,107,14.2121,331,24.6575,6,33.6431,128
Oakland,222,2026,false,118.415,67,115.127,277,70.8307,37,,,114.505,71,117.054,328,71.8219,54,52.3361,137,14.4803,36,30.7371,185,40.6557,70,55.1145,311,15.0372,304,34.9515,323,25.1145,12
Ohio,223,2026,false,108.651,196,113.309,244,69.5014,81,,,106.714,205,111.215,247,70.8484,92,51.983,155,17.8333,230,29.6117,221,37.1105,149,52.5735,242,17.2882,165,33.7559,297,34.7426,160
Ohio St.,224,2026,false,123.346,23,104.081,68,67.1506,200,,,120.233,25,104.498,109,67.7053,237,56.5739,23,15.6879,93,34.058,81,38.8676,107,47.7839,49,15.4465,283,29.6131,126,32.7793,111
Oklahoma,225,2026,false,120.73,48,107.962,121,67.0977,201,,,119.615,30,107.528,170,69.9717,136,53.9816,78,14.2915,26,35.1825,53,34.1995,221,49.7414,117,15.495,279,30.8229,177,32.3276,106
Oklahoma St.,226,2026,false,118.482,66,106.195,92,72.8828,11,,,114.129,83,105.904,135,76.0737,4,53.8621,80,16.7428,155,31.2775,174,39.2027,98,51.5957,202,16.9503,187,28.9222,89,30.7692,69
Old Dominion,227,2026,false,105.694,257,112.138,218,68.9,107,,,103.544,255,110.902,245,70.1055,129,49.2063,259,15.7923,100,25.2688,334,33.5004,233,50.6329,153,14.2413,330,29.681,128,42.7004,325
Oral Roberts,228,2026,false,103.513,294,116.12,292,67.3754,190,,,100.448,304,116.261,322,69.2903,170,48.6556,275,18.8612,288,26.7112,304,35.7808,181,54.664,305,16.2625,229,35.3873,327,42.1264,316
Oregon,229,2026,false,115.544,90,106.515,99,65.926,261,,,108.305,174,109.555,221,67.6292,247,50.3133,220,18.4818,262,36.3901,40,35.9893,173,50.8566,169,16.3166,227,31.1927,193,32.9125,113
Oregon St.,230,2026,false,108.583,201,113.533,247,65.1507,303,,,104.228,239,111.27,249,66.452,297,49.7813,240,17.8499,231,25.1788,338,45.2318,11,50.2739,135,15.551,276,33.5079,289,37.7934,240
Pacific,231,2026,false,113.287,122,108.629,135,64.8017,314,,,110.189,134,105.498,126,66.752,286,53.122,109,20.6824,345,36.526,36,34.3425,213,49.6241,112,15.5901,273,25.0742,9,37.688,238
Penn,232,2026,false,111.044,152,112.595,230,69.4029,85,,,108.524,169,108.867,201,69.4258,162,50.6871,197,16.1143,119,31.7949,155,36.9979,150,51.8405,211,15.6642,265,30.4813,162,29.1411,51
Penn St.,233,2026,false,115.916,84,112.51,225,66.9477,210,,,113.062,96,114.251,296,67.873,231,53.139,107,13.4151,11,27.9251,276,32.8251,251,56.9091,348,18.8432,82,31.1755,192,26.0909,19
Pepperdine,234,2026,false,101.332,319,110.246,166,66.4555,231,,,95.8743,339,110.589,240,67.9988,227,45.6563,345,19.3675,309,28.0543,274,34.372,212,52.5541,241,16.985,182,33.6449,292,26.3203,21
Pittsburgh,235,2026,false,115.769,87,108.065,122,64.3116,330,,,110.456,131,108.216,187,65.6375,330,52.1306,148,16.5182,142,33.2827,108,30.825,291,51.8304,210,16.8389,196,28.3361,73,33.815,134
Portland,236,2026,false,106.9,234,109.868,162,69.3102,88,,,103.477,258,109.792,228,70.9795,87,51.5329,167,19.6233,319,28.9809,243,33.4536,234,52.1988,233,17.9392,126,32.1006,237,36.1478,198
Portland St.,237,2026,false,106.725,238,106.207,93,68.6162,121,,,107.033,197,103.061,78,70.1674,127,52.4804,130,18.9298,292,32.4619,136,36.5535,159,48.1557,63,17.7467,142,27.5938,50,46.4481,349
Prairie View A&M,238,2026,false,103.022,302,115.127,278,72.0534,20,,,101.729,283,113.124,279,74.7,13,47.4691,310,16.0643,115,24.5614,341,44.207,27,53.2621,265,20.2588,35,37.9439,355,50.2812,359
Presbyterian,239,2026,false,104.616,278,114.131,261,63.3453,350,,,103.751,251,108.736,193,65.1715,336,50.4149,213,19.0949,298,33.9623,86,39.1079,102,51.8725,213,16.4523,219,29.5726,125,36.0324,194
Princeton,240,2026,false,105.506,260,111.021,189,64.6001,320,,,102.818,267,109.461,220,65.8535,323,49.3474,255,17.1615,182,26.3074,312,34.2369,220,51.4881,194,14.5789,321,26.5306,30,36.7063,214
Providence,241,2026,false,122.955,27,110.617,176,72.5772,13,,,117.59,48,112.259,269,74.053,17,55.1178,50,15.6302,87,31.5089,166,36.3932,161,51.433,192,14.1154,336,32.1839,243,33.0751,116
Purdue,242,2026,false,129.265,3,98.5322,19,65.3297,295,,,124.554,3,101.197,54,67.4211,258,58.412,9,14.2077,24,37.1429,26,27.2103,342,49.5158,104,16.3934,223,26.506,29,21.3908,3
Purdue Fort Wayne,243,2026,false,108.591,200,113.539,248,68.1169,147,,,107.97,181,113.647,289,69.8382,142,52.7907,119,14.3188,28,22.5397,356,28.9302,320,55.2461,315,19.9668,45,36.6387,347,28.0409,30
Queens,244,2026,false,117.572,71,117.623,318,68.9065,106,,,119.061,38,118.442,338,70.5107,106,55.7841,41,15.4899,78,32.8173,126,33.419,236,54.4987,299,14.4523,323,33.7313,295,38.4747,255
Quinnipiac,245,2026,false,107.469,219,108.673,136,69.9717,67,,,106.483,209,103.181,80,70.9596,88,49.799,239,16.1055,117,32.766,129,32.2347,261,49.5908,108,18.4162,103,33.662,294,30.4419,62
Radford,246,2026,false,109.051,189,116.667,302,71.0201,33,,,109.425,147,111.498,255,72.7861,34,51.3072,178,16.7156,154,29.1233,237,42.4837,40,53.5849,273,18.4712,96,33.0671,272,42.7358,326
Rhode Island,247,2026,false,109.748,174,104.204,70,65.5859,280,,,108.64,165,101.11,52,66.2283,310,52.251,140,19.6291,320,33.9257,89,36.9732,151,50.6626,155,21.4569,11,31.068,185,41.4883,306
Rice,248,2026,false,108.314,207,114.468,267,64.9896,310,,,104.348,236,113.255,280,66.9012,278,47.4294,312,18.0067,241,33.7368,96,37.5,141,52.0791,226,17.141,175,35.0254,324,38.3367,252
Richmond,249,2026,false,113.436,119,108.673,137,68.3606,132,,,113.782,87,104.16,101,69.9517,139,54.0235,76,14.9389,51,26.6462,306,39.5118,89,50.3515,140,17.7773,140,29.3952,117,31.6344,86
Rider,250,2026,false,96.5285,357,117.21,312,65.4756,287,,,92.5258,357,116.018,319,66.1603,313,42.2843,364,19.2047,306,33.1279,116,30.1523,301,53.3691,268,12.892,359,33.3333,281,31.7383,88
Robert Morris,251,2026,false,111.252,150,114.017,259,65.3395,294,,,112.346,110,112.055,268,67.1502,268,53.6778,87,18.9018,291,38.1241,14,31.5236,277,51.27,186,15.9412,245,29.8137,131,48.2596,355
Rutgers,252,2026,false,110.505,162,108.46,127,65.6281,278,,,104.03,245,109.839,230,66.5632,294,46.5691,333,16.6306,150,34.0517,82,39.9817,79,51.5611,200,17.1771,172,33.0303,271,30.4193,60
Sacramento St.,253,2026,false,104.983,271,114.993,276,72.2128,17,,,101.239,292,115.727,317,73.0647,28,44.6796,355,15.2159,67,28.5714,257,39.7025,85,55.5556,323,16.6697,208,33.4711,286,37.963,244
Sacred Heart,254,2026,false,108.764,193,118.555,333,68.5581,124,,,107.07,195,112.97,277,68.7215,201,51.7797,159,18.7931,283,30.6723,188,28.8983,322,54.5266,303,15.8296,255,30.5233,163,29.9003,56
Saint Francis,255,2026,false,97.415,352,119.928,345,69.1863,92,,,94.7315,345,120.269,353,70.7816,99,46.6568,330,18.117,243,25.8621,318,26.2537,351,60.2134,365,18.9481,77,33.9695,306,37.6016,235
Saint Joseph's,256,2026,false,106.102,250,107.276,109,67.5908,177,,,103.262,263,105.892,134,69.3352,167,47.3197,316,17.2612,198,32.6433,133,32.9435,246,49.6212,111,15.6613,266,31.5542,215,29.4508,54
Saint Louis,257,2026,false,120.853,45,100.342,31,71.2889,27,,,123.158,9,94.6469,12,73.1833,25,59.8457,3,16.8527,164,33.8488,90,35.6624,185,42.1029,1,15.8658,252,26.0238,22,38.1769,249
Saint Mary's,258,2026,false,120.551,50,100.583,34,65.4458,290,,,116.981,55,97.8246,27,66.7063,288,52.9778,113,17.0149,175,37.3228,24,39.9111,81,46.3737,24,15.2909,290,24.6217,4,25.6826,16
Saint Peter's,259,2026,false,104.197,285,109.947,163,65.7883,267,,,103.902,247,102.505,72,66.3457,304,45.5424,346,17.2057,191,34.9418,58,37.1643,148,48.21,68,20.9461,21,34.0149,307,47.852,354
Sam Houston St.,260,2026,false,114.109,112,108.479,129,70.7906,40,,,112.754,102,108.758,195,71.7688,56,52.5743,126,17.4171,207,36.0206,43,30.6931,293,51.3034,187,16.8945,190,31.2709,196,40.2503,288
Samford,261,2026,false,109.891,170,117.538,317,66.2322,241,,,108.856,161,115.234,314,68.6506,205,50.3293,219,12.9323,4,25.3333,332,40.1693,75,53.1993,264,12.9323,358,28.2092,70,32.8154,112
San Diego,262,2026,false,109.312,183,112.574,228,69.7471,71,,,105.214,227,111.924,266,70.2362,120,51.5031,169,17.5348,217,27.6853,282,27.5862,341,53.6166,274,20.0826,41,38.118,356,38.7884,263
San Diego St.,263,2026,false,115.81,86,99.4595,24,68.9145,105,,,108.658,164,99.8559,42,69.9592,138,52.8628,118,17.999,240,30.5842,189,35.9329,176,48.002,56,20.7556,26,30.7815,173,36.3636,205
San Francisco,264,2026,false,114.015,113,107.652,116,65.1628,301,,,111.484,119,105.303,124,66.4274,299,52.0632,152,16.1391,120,33.0422,117,38.806,110,48.064,59,13.9822,339,27.9614,64,31.3973,79
San Jose St.,265,2026,false,109.462,181,116.349,296,63.7439,341,,,103.848,249,117.702,334,65.4575,332,48.0237,295,17.9573,235,32.5696,135,34.2885,217,57.6152,354,18.8846,79,36.3465,343,32.1643,103
Santa Clara,266,2026,false,120.54,51,103.616,62,69.4251,84,,,117.027,54,101.435,57,70.2556,118,53.7394,84,16.7958,159,38.8652,11,26.3685,349,51.055,176,20.9948,19,30.9598,180,39.3578,269
Seattle,267,2026,false,104.749,275,100.529,33,68.2608,138,,,102.772,270,99.3121,39,69.743,146,50.5009,209,17.1724,184,25.4902,328,33.5155,231,47.5887,44,21.3717,15,33.8855,303,33.576,126
Seton Hall,268,2026,false,111.281,146,95.3055,10,65.6321,276,,,107.673,186,95.2283,14,66.9954,272,47.4978,308,16.4976,141,37.064,28,37.8016,138,45.4087,12,21.8397,7,31.4759,210,44.8032,336
Siena,269,2026,false,108.521,203,109.212,147,64.369,327,,,109.802,140,100.624,49,64.553,349,50.7569,194,15.86,103,33.4307,104,31.5391,276,49.2167,94,18.2205,113,27.2859,45,27.5022,26
SIUE,270,2026,false,100.998,323,109.076,141,64.5744,322,,,101.554,287,101.836,60,66.414,302,47.9415,296,17.4677,214,31.5789,164,32.611,254,46.8992,34,18.0281,121,32.3529,257,37.0986,222
SMU,271,2026,false,124.649,18,104.551,77,68.8374,109,,,119.235,35,105.852,132,72.2412,41,55.8799,39,16.1769,121,35.7252,48,34.8624,202,50,124,18.4057,106,31.4404,205,33.2767,122
South Alabama,272,2026,false,106.709,239,110.283,167,65.2311,297,,,106.992,198,104.32,102,66.3218,306,51.6949,162,14.0935,20,26.6223,307,40.9771,63,49.239,95,18.5181,93,32,230,21.0385,2
South Carolina,273,2026,false,116.031,80,104.263,72,65.971,255,,,114.622,70,104.342,103,68.0477,226,53.5455,91,14.9634,52,28.8925,247,37.2727,144,48.2065,67,14.429,325,30,140,33.3333,123
South Carolina St.,274,2026,false,97.2566,355,121.344,351,68.2736,137,,,93.7873,350,121.748,357,70.8181,97,45.7323,343,20.8672,350,31.4371,169,38.0213,129,55.9651,330,16.9448,188,39.9312,363,53.3463,364
South Dakota,275,2026,false,108.105,212,118.228,328,71.0067,34,,,108.606,167,115.62,315,72.8749,32,50.6518,199,18.5048,266,32.7692,128,44.041,29,56.4273,340,16.549,216,32.0405,234,31.5603,83
South Dakota St.,276,2026,false,110.571,160,112.849,233,67.6531,173,,,109.161,153,108.32,189,68.5516,210,52.4072,134,16.7928,158,30.5228,193,33.0993,242,51.0521,175,15.8551,253,28.3557,74,34.0681,142
South Florida,277,2026,false,116.236,78,104.729,80,72.3697,15,,,115.374,67,104.522,112,74.7634,11,51.086,186,15.6819,91,37.1011,27,42.3559,42,48.9381,82,18.7894,84,32.1775,242,43.5398,329
Southeast Missouri,278,2026,false,104.785,274,111.734,205,69.7656,70,,,103.712,252,106.704,150,71.3897,72,50.2478,223,17.3035,199,30.0509,207,35.9762,174,52.8953,250,20.1051,40,28.9272,90,52.0045,362
Southeastern Louisiana,279,2026,false,100.64,328,109.764,158,65.8858,264,,,97.2082,331,106.708,151,66.3742,303,45.4268,348,17.962,236,27.5076,287,40.1423,77,51.8757,216,20.1241,38,31.383,201,45.2304,340
Southern,280,2026,false,103.378,296,110.503,170,71.2932,26,,,99.6501,311,114.744,305,72.8232,33,47.2043,318,17.7344,224,30.2365,204,37.4194,143,54.4989,300,18.9947,76,33.8552,301,46.1276,346
Southern Illinois,281,2026,false,107.14,227,104.543,76,69.6375,75,,,103.826,250,103.51,84,70.8338,94,50.0434,232,17.7702,226,31.1239,178,35.5343,189,49.6084,110,17.4789,158,29.1725,103,35.161,168
Southern Indiana,282,2026,false,98.1374,348,113.139,239,68.2192,141,,,95.6819,341,107.502,169,70.0813,130,44.3465,356,16.8387,163,28.5714,257,35.7884,180,49.6929,114,16.4842,218,33.5582,290,35.5169,179
Southern Miss,283,2026,false,105.122,267,110.848,185,68.1088,149,,,103.998,246,106.458,149,69.4025,163,48.9342,267,18.4946,264,30.8642,183,41.2419,58,51.532,198,17.9705,124,28.7671,82,40.2043,286
Southern Utah,284,2026,false,102.573,307,112.523,226,70.1745,56,,,97.5979,326,113.916,290,71.5209,64,49.0119,263,20.2296,338,27.4038,291,28.8538,324,53.6232,275,15.1722,296,34.127,309,28.442,38
St. Bonaventure,285,2026,false,114.228,109,112.385,223,66.6254,224,,,114.095,84,109.073,206,67.6553,241,52.2952,138,16.3863,134,36.4952,38,27.1827,343,52.9295,252,18.5059,95,30.3665,158,34.4588,152
St. John's,286,2026,false,122.586,29,98.5163,18,70.2195,55,,,116.924,56,99.7765,40,72.5375,37,52.466,132,16.1078,118,38.2948,13,43.8776,31,47.8621,51,20.8241,24,32.9496,269,32.0244,95
St. Thomas,287,2026,false,113.26,123,109.999,164,68.4856,129,,,114.211,81,106.771,152,70.4221,108,58.1781,10,14.2836,25,20.4887,363,35.8178,179,52.8659,249,19.2119,66,28.2374,71,32.7533,110
Stanford,288,2026,false,115.42,94,104.221,71,67.4536,186,,,109.874,138,104.369,104,69.2395,174,50.542,206,16.267,127,33.2335,113,41.8248,50,51.4078,190,19.8396,48,28.8303,83,40.0971,284
Stephen F. Austin,289,2026,false,111.58,138,103.502,60,65.52,285,,,112.655,103,97.0057,20,66.5757,293,51.3862,174,15.0205,58,35.9098,46,29.1587,315,45.1309,9,16.876,192,29.0375,95,34.7644,161
Stetson,290,2026,false,103.37,297,118.256,329,67.6017,176,,,99.1353,316,117.279,329,69.3943,164,50.3476,217,19.3951,311,25.3589,331,33.7637,228,56.0055,332,15.5797,274,31.8408,221,30.5732,63
Stonehill,291,2026,false,94.6868,362,112.623,231,66.2429,240,,,93.0506,356,106.348,146,67.1679,267,47.3792,314,21.7771,356,29.0429,239,24.5632,361,49.3621,99,12.2603,363,25.9259,17,34.5437,154
Stony Brook,292,2026,false,106.688,240,113.218,241,65.0744,308,,,104.762,231,108.311,188,65.7745,324,50.5405,207,16.7741,157,28.1385,273,28.6486,326,50.8234,164,16.6957,207,32.2823,253,34.7667,162
Syracuse,293,2026,false,115.004,98,103.223,56,67.9572,155,,,109.457,146,98.2455,31,68.3768,214,53.168,106,17.1728,185,31.2595,175,40.3122,74,45.8707,17,19.2244,65,32.5386,261,33.9318,136
Tarleton St.,294,2026,false,109.812,172,111.16,192,71.1092,29,,,106.102,216,107.564,172,72.0898,45,50.378,215,19.5428,315,31.793,156,44.2765,24,56.5012,342,24.0658,2,33.3333,281,50.4728,360
TCU,295,2026,false,113.993,114,98.8946,22,67.0711,203,,,111.652,116,97.5813,25,69.8327,143,52.3707,135,15.9143,106,33.3832,105,34.9138,200,48.7794,79,20.1532,37,29.1351,99,30.651,66
Temple,296,2026,false,113.096,125,111.253,193,65.9409,259,,,111.623,117,106.386,147,66.1813,312,50.7056,196,14.0187,18,29.1118,238,44.254,25,50.1925,132,15.6137,270,29.8869,136,30.7988,70
Tennessee,297,2026,false,121.016,41,97.4416,14,66.4241,233,,,117.888,45,98.6623,33,69.1492,177,54.136,72,18.8694,290,44.2464,1,40.5331,72,46.1357,21,17.8387,135,29.2683,108,35.344,174
Tennessee Martin,298,2026,false,104.508,280,108.113,123,64.5539,324,,,104.21,240,99.8123,41,67.3272,263,49.5652,247,21.755,355,36.6723,35,44.3478,22,46.5213,28,18.435,101,32.1373,239,38.1101,247
Tennessee St.,299,2026,false,107.171,225,113.348,245,71.0746,30,,,105.683,221,107.469,167,72.0741,46,48.9947,264,16.9764,174,32.3529,141,32.9101,248,51.993,219,19.5458,59,31.4563,209,45.6038,341
Tennessee Tech,300,2026,false,100.481,331,116.603,300,67.678,171,,,99.0036,317,112.278,270,69.975,135,48.4188,280,19.6499,322,28.877,248,33.0425,243,52.6639,244,15.4519,281,32.0069,232,33.709,132
Texas,301,2026,false,124.84,17,106.973,108,67.3106,194,,,119.745,27,106.9,157,69.5228,159,53.5444,92,14.9933,53,37.7389,18,48.9603,3,49.1063,90,14.8346,311,27.6018,51,39.2286,265
Texas A&M,302,2026,false,120.628,49,101.68,44,71.163,28,,,121.494,20,102.559,73,74.0511,18,56.2756,29,15.3524,70,33.5244,99,40.8532,66,50.393,142,20.8653,22,31.2057,194,36.8559,217
Texas A&M Corpus Chris,303,2026,false,102.911,303,104.726,79,65.8906,263,,,97.9744,323,102.873,74,67.63,246,46.2455,336,18.3351,256,30.4745,195,38.975,105,50.1266,128,19.7151,52,29.5082,120,45.1899,339
Texas Southern,304,2026,false,101.374,318,118.529,331,69.2938,90,,,97.6038,325,118.879,345,71.8031,55,47.9021,297,19.7117,324,26.5193,310,39.2774,95,56.8156,346,16.1194,235,32.5203,260,47.079,352
Texas St.,305,2026,false,102.826,304,111.751,206,66.8147,213,,,101.726,284,105.573,127,68.5738,208,48.6301,276,19.8596,328,34.0031,84,33.79,227,51.9561,218,19.1016,71,28.0315,66,40.9351,301
Texas Tech,306,2026,false,125.44,13,100.21,28,67.5326,180,,,119.601,31,104.715,115,70.0204,132,56.3333,27,14.8829,49,33.8192,94,28.5833,327,49.6943,116,15.9352,246,28.8824,86,31.9651,93
The Citadel,307,2026,false,101.67,317,121.841,354,64.1273,332,,,100.807,299,120.37,354,64.8593,342,48.792,272,18.2097,251,29.3132,233,31.9328,267,56.3646,337,13.5018,351,31.5508,214,36.0489,196
Toledo,308,2026,false,115.01,97,114.736,270,68.5351,125,,,113.696,90,113.55,288,70.8331,95,52.5194,128,15.6125,86,31.6583,160,36.0465,171,56.4176,339,18.7682,85,34.8432,320,26.341,22
Towson,309,2026,false,105.386,262,105.123,86,63.1839,355,,,102.161,279,104.146,100,64.2625,357,45.0877,350,17.0354,177,38.0822,15,28.0702,335,50.8173,163,16.6259,211,26.7311,34,28.9423,47
Troy,310,2026,false,114.423,104,109.14,143,66.3042,238,,,113.543,91,105.911,136,69.3588,166,53.1718,105,16.83,162,33.8323,93,36.8282,156,50.5702,149,17.8772,129,32.2254,247,34.2105,149
Tulane,311,2026,false,109.519,180,111.966,213,65.9768,254,,,106.941,200,107.854,178,67.5766,251,49.6929,243,15.1823,62,23.4528,350,44.8311,15,51.1927,183,17.9575,125,34.9057,321,35.5916,182
Tulsa,312,2026,false,123.327,24,109.805,160,67.9307,159,,,124.539,4,105.751,128,68.9919,188,57.7122,13,15.4323,76,32.9609,119,44.7205,16,50.6018,151,16.0292,242,27.6206,53,31.996,94
UAB,313,2026,false,112.307,130,108.388,125,69.3863,86,,,110.75,127,104.9,117,71.4763,65,48.0815,290,12.548,2,33.8139,95,36.9305,153,50.6421,154,16.8028,200,26.7143,33,31.1644,74
UC Davis,314,2026,false,111.463,143,111.637,203,68.7786,113,,,109.145,154,109.08,208,71.2312,77,54.1057,73,18.7769,282,26.5896,309,41.5073,52,52.1668,231,18.5136,94,31.1712,191,40.6284,293
UC Irvine,315,2026,false,105.582,259,101.796,45,67.7052,170,,,102.452,275,97.8341,28,69.7265,149,48.8277,271,17.6821,221,29.5752,225,38.634,115,45.0331,8,18.1011,119,33.1878,274,29.9905,57
UC Riverside,316,2026,false,105.463,261,114.826,272,67.45,187,,,99.5079,312,114.133,294,70.2493,119,49.8401,236,20.4314,343,25.9649,316,36.2473,166,53.9784,287,14.6537,319,30.4714,160,37.4263,231
UC San Diego,317,2026,false,116.027,82,109.348,151,66.785,215,,,113.944,86,104.473,106,69,187,55.2632,47,15.0043,55,27.6817,283,31.6783,272,48.8737,81,16.3683,225,29.8921,137,31.4398,80
UC Santa Barbara,318,2026,false,115.578,89,114.942,275,64.0547,335,,,114.381,75,111.281,250,66.6973,289,55.0626,52,18.8268,284,31.9608,153,38.9078,106,54.3581,295,17.8116,136,28.0702,67,46.2898,347
UCF,319,2026,false,120.87,44,104.732,81,68.9435,101,,,116.502,59,106.399,148,71.8674,52,54.4348,64,16.6974,153,37.4415,22,30.087,303,50.79,161,16.7747,202,28.1447,69,35.7807,186
UCLA,320,2026,false,120.873,43,102.798,49,64.8241,313,,,115.711,66,103.878,94,67.0375,271,54.4199,66,14.9955,54,31.5436,165,35.6354,187,49.1897,92,19.9417,46,33.2263,275,35.8437,189
UMass Lowell,321,2026,false,104.442,282,117.105,311,69.2941,89,,,101.326,289,114.545,302,70.0015,134,50.1043,229,19.9996,331,30.5743,191,38.5819,118,54.2502,293,15.2098,294,32.069,235,29.4174,53
UMBC,322,2026,false,107.783,216,116.887,306,66.2027,244,,,108.906,159,107.903,180,67.1122,270,54.0929,74,15.9655,108,23.8835,347,31.8584,269,52.0619,224,14.8644,310,28.3186,72,25.1546,13
UNC Asheville,323,2026,false,106.677,241,111.363,197,65.9411,258,,,105.25,226,109.231,214,68.1745,218,51.4617,171,18.4496,259,29.223,234,40.8266,67,51.3876,189,15.2128,293,31.3099,197,39.3301,268
UNC Greensboro,324,2026,false,108.448,205,119.709,340,67.3068,195,,,108.025,180,118.672,341,69.1371,178,50.5842,204,15.6303,88,28.3763,264,45.0828,12,56.0877,333,13.488,352,30.1766,150,31.0654,73
UNC Wilmington,325,2026,false,111.85,136,107.643,115,64.7965,315,,,112.648,105,99.899,43,66.5437,295,50.0487,231,15.6956,94,36.476,39,44.8343,14,46.8571,33,15.4451,284,26.7372,35,28.2857,35
UNLV,326,2026,false,113.34,120,108.577,133,70.3939,49,,,109.369,150,107.653,173,71.7151,59,51.5091,168,17.3446,202,32.9527,120,46.6801,7,50.8081,162,19.0546,74,33.7662,298,45.6566,342
USC,327,2026,false,117.348,73,102.048,46,70.0597,60,,,110.525,130,103.643,86,71.9035,51,52.0873,151,17.2307,194,32.3481,142,48.8615,4,48.0234,57,17.3059,163,30.7578,171,36.2084,199
USC Upstate,328,2026,false,101.987,313,113.216,240,68.0915,151,,,100.9,297,109.224,213,69.5487,157,48.1827,285,17.4071,206,28.1938,272,34.2964,216,50.6092,152,15.4379,285,31.221,195,39.7376,277
UT Arlington,329,2026,false,105.177,266,103.155,53,65.3676,293,,,101.079,294,99.0881,37,67.5507,254,48.8777,270,21.8572,357,34.5656,67,44.3322,23,47.0011,37,18.8965,78,29.4221,118,43.1843,327
UT Rio Grande Valley,330,2026,false,106.628,242,109.853,161,67.0766,202,,,103.277,262,106.825,156,67.8941,229,52.2234,142,18.4543,260,26.7016,305,26.3702,348,49.0394,85,16.5483,217,31.8108,220,37.3104,227
Utah,331,2026,false,116.959,74,111.877,209,68.5276,126,,,112.355,109,113.404,284,70.9475,89,53.5559,89,15.9856,110,29.8954,211,34.2585,219,53.1924,263,14.7332,316,32.2254,247,30.4312,61
Utah St.,332,2026,false,123.21,25,103.517,61,67.9323,157,,,121.794,17,101.263,56,68.2989,216,57.3293,16,16.2437,124,37.4552,20,38.755,113,48.4492,75,21.7152,9,32.1489,240,40.5348,291
Utah Tech,333,2026,false,107.233,223,111.753,208,66.2222,242,,,103.521,256,109.699,225,68.719,202,51.0839,187,18.1609,246,28.754,251,28.3695,331,51.1639,180,18.0023,123,34.24,310,35.6611,183
Utah Valley,334,2026,false,113.298,121,106.428,97,70.055,61,,,111.056,123,101.867,61,71.0566,84,56.0406,33,20.4477,344,34.4954,71,35.4315,191,49.3834,101,20.5304,32,31.0169,182,36.3823,206
UTEP,335,2026,false,103.824,290,113.714,253,64.3652,328,,,97.9463,324,111.869,264,65.3522,333,47.673,304,18.4166,258,28.2732,270,29.9523,305,53.5581,272,18.2142,114,33.8235,300,43.6954,330
UTSA,336,2026,false,98.7411,342,117.508,316,68.8248,111,,,92.2093,358,117.769,335,70.2044,125,42.7032,363,18.8525,287,29.3605,231,31.6357,273,53.6313,276,15.6685,264,38.3518,359,33.4264,124
Valparaiso,337,2026,false,107.328,220,106.926,104,65.3765,292,,,103.427,260,103.925,95,66.8151,284,45.841,341,16.0402,112,31.7927,157,39.9452,80,48.5541,77,17.0574,180,31.1404,190,39.1791,264
Vanderbilt,338,2026,false,126.3,9,100.124,27,70.3708,50,,,123.159,8,102.465,71,72.9227,30,57.2446,17,13.1895,7,30.3817,198,37.8559,135,47.8007,50,18.2789,110,27.8499,59,41.6517,310
VCU,339,2026,false,120.805,47,104.891,84,69.6226,76,,,119.366,33,103.788,89,71.3375,73,54.806,56,15.5672,81,33.234,112,44.0917,28,49.5964,109,18.2232,112,29.9559,138,36.5022,208
Vermont,340,2026,false,110.878,154,115.234,279,65.1584,302,,,111.02,124,109.669,224,64.9423,341,53.8612,81,14.5046,38,25.2577,336,29.0323,319,52.3618,239,13.9177,342,23.0514,2,36.6834,213
Villanova,341,2026,false,122.427,32,100.848,37,63.2659,352,,,118.379,42,103.507,83,65.7096,327,54.7745,58,15.6034,85,35.5283,51,30.2387,300,50.8333,165,18.8674,81,32,230,28.4259,37
Virginia,342,2026,false,124.842,16,97.7505,17,65.4316,291,,,123.724,6,97.8774,29,66.9395,276,56,34,15.8403,101,40.5705,4,36.3636,164,43.5047,3,16.4089,221,30.4045,159,35.2336,169
Virginia Tech,343,2026,false,117.475,72,103.207,54,68.2385,139,,,114.494,73,103.581,85,69.0715,184,52.3596,136,14.2975,27,32.4401,139,39.6257,87,48.9968,83,18.4124,105,32.7052,265,27.9294,28
VMI,344,2026,false,101.75,315,121.025,349,66.9513,209,,,100.428,305,119.65,351,68.1662,219,46.5726,332,16.5685,145,28.6364,254,34.2742,218,55.2104,314,17.604,152,38.9744,360,39.479,271
Wagner,345,2026,false,105.362,263,120.772,348,65.5413,283,,,106.147,215,114.562,303,65.9933,319,51.4339,172,19.2354,307,32.6489,132,30.798,292,51.6414,204,14.6656,318,32.2449,251,44.8232,337
Wake Forest,346,2026,false,114.862,100,102.888,50,69.4886,82,,,111.4,120,104.413,105,72.2784,40,52.4916,129,16.2705,128,31.6024,163,32.9392,247,51.2217,184,21.3324,16,33.2817,279,38.009,245
Washington,347,2026,false,118.807,61,103.323,58,67.3748,191,,,112.875,98,105.847,131,69.5328,158,50.2536,222,15.0043,56,34.2302,77,34.7422,204,49.5693,105,15.1536,298,29.5129,121,31.0078,71
Washington St.,348,2026,false,114.111,111,112.861,234,67.0216,207,,,108.953,158,112.807,273,68.7637,200,54.0088,77,18.6872,276,30.1685,206,32.9515,245,53.8362,282,14.6153,320,26.3952,26,34.8276,164
Weber St.,349,2026,false,109.524,179,112.418,224,69.5759,78,,,109.619,144,107.744,175,71.5767,61,51.0732,188,16.9142,168,32.9073,123,42.1463,46,51.1742,181,16.9951,181,29.3076,111,38.7476,259
West Georgia,350,2026,false,103.097,301,119.74,341,68.8096,112,,,102.636,271,116.798,327,70.3957,110,48.0733,291,17.0518,178,31.3756,171,29.3233,314,55.9942,331,15.0748,299,30.6338,169,36.2573,203
West Virginia,351,2026,false,115.885,85,101.677,43,62.6919,359,,,112.817,99,97.0097,21,64.1545,359,53.7718,83,16.9171,169,31.4195,170,39.4584,91,47.2596,39,18.2122,115,26.7584,36,28.5577,40
Western Carolina,352,2026,false,107.02,230,117.092,310,68.432,131,,,102.892,265,117.937,337,70.5884,104,48.2863,283,19.1248,301,33.28,109,30.9476,287,56.178,335,14.4091,327,28.9568,91,40.2094,287
Western Illinois,353,2026,false,95.9451,360,117.23,314,65.6493,275,,,94.1568,348,113.431,285,66.9005,279,43.8155,360,18.2477,253,30.5825,190,37.9455,131,52.6477,243,15.5411,277,33.9254,304,37.6782,237
Western Kentucky,354,2026,false,108.887,192,109.5,156,70.0306,62,,,107.65,187,107.408,164,71.4288,68,46.2212,337,14.4556,34,33.9385,88,40,78,50.8551,168,17.8041,137,30.0623,144,43.3602,328
Western Michigan,355,2026,false,109.579,178,116.803,304,67.8353,167,,,106.492,208,115.686,316,69.9647,137,50.9747,191,18.6649,273,31.6225,162,29.1423,316,53.7218,278,13.6203,346,30.1766,150,38.0999,246
Wichita St.,356,2026,false,114.932,99,107.553,113,64.9426,311,,,113.711,88,103.698,88,66.0206,318,49.7427,241,15.011,57,40.1114,5,37.7358,139,47.3708,41,15.711,259,30.1408,148,34.0463,141
William & Mary,357,2026,false,109.779,173,106.96,105,74.0863,5,,,107.036,196,102.127,64,75.2853,7,53.85,82,17.9709,237,25.6098,326,39.1,103,49.7621,118,20.8618,23,32.1981,245,36.2512,201
Winthrop,358,2026,false,114.622,102,110.991,188,68.0956,150,,,114.311,78,109.079,207,70.7971,98,50.5499,205,14.5535,40,34.6667,64,41.3706,53,52.2321,234,17.213,170,29.142,101,37.5893,234
Wisconsin,359,2026,false,122.568,30,103.241,57,70.4277,48,,,117.688,47,105.29,123,71.2623,75,54.6781,60,13.9538,17,29.6687,219,36.309,165,50.349,139,15.0554,301,25.1108,10,33.6824,131
Wofford,360,2026,false,111.263,149,116.229,294,67.9476,156,,,113.115,94,114.313,298,68.9437,192,51.5843,164,14.1017,21,31.135,177,38.7698,112,53.8643,283,15.6327,269,30.9329,179,34.4015,151
Wright St.,361,2026,false,112.492,128,110.771,181,65.7935,266,,,114.355,77,108.84,200,68.625,206,54.8141,55,16.6474,151,31.7568,158,34.6997,206,51.875,214,17.2908,164,31.0458,184,36.6346,211
Wyoming,362,2026,false,115.49,92,108.564,132,66.7569,218,,,113.983,85,105.29,122,69.3938,165,53.1161,110,17.4527,212,35.1702,54,38.6213,117,50.5247,146,17.6929,145,26.6223,32,50.787,361
Xavier,363,2026,false,115.249,95,106.064,91,70.2287,53,,,108.494,171,106.33,143,72.0303,49,51.1798,183,13.2985,9,27.1754,298,26.8511,344,52.8294,248,17.2442,166,27.2308,42,33.9523,137
Yale,364,2026,false,123.133,26,112.247,222,65.6551,274,,,123.992,5,110.688,242,67.2567,265,56.8,19,13.4807,12,34.7458,62,37.9429,132,52.0595,223,16.2561,230,30.7992,175,32.0366,96
Youngstown St.,365,2026,false,108.144,211,112.207,221,67.0478,205,,,109.735,142,109.836,229,68.8691,198,53.1015,111,19.0841,297,33.2283,114,31.015,286,51.8519,212,18.5228,92,32.9352,268,44.1441,334
