"season","team_name","tempo","rank_tempo","adj_tempo","rank_adj_tempo","oe","rank_oe","adj_oe","rank_adj_oe","de","rank_de","adj_de","rank_adj_de","pythag","rank_pythag","adj_em","rank_adj_em"
2026,"Abilene Christian",0,1,72.627373005067,55,0,1,99.1126120444577,288,200,1,101.892293014964,111,0.422829043829871,181,-2.77968097050626,178
2026,"Air Force",0,1,68.0256742335133,357,0,1,99.6004738007597,274,200,1,107.326257543588,234,0.301440626285902,264,-7.72578374282821,262
2026,"Akron",0,1,72.6454229890896,53,0,1,110.405833889894,75,200,1,102.112625122552,116,0.706505956969077,94,8.29320876734222,94
2026,"Alabama",0,1,76.2972419909531,1,0,1,117.130009990165,16,200,1,96.0849283572716,34,0.902743398943229,25,21.0450816328934,23
2026,"Alabama A&M",0,1,69.976915482481,268,0,1,96.4721738923248,336,200,1,108.998466328165,281,0.20207253465804,320,-12.5262924358404,320
2026,"Alabama St.",0,1,71.4206200199386,134,0,1,98.8734445432538,294,200,1,107.924682413943,252,0.271817627520354,287,-9.05123787068904,288
2026,"Albany",0,1,71.6051034679844,122,0,1,101.128563461199,244,200,1,108.736502175738,277,0.306609585749126,257,-7.60793871453936,259
2026,"Alcorn St.",0,1,70.2264870731971,252,0,1,97.6030989873956,312,200,1,110.659978421211,322,0.195844572138522,325,-13.0568794338156,325
2026,"American",0,1,67.9489739905433,359,0,1,97.6086535131899,311,200,1,109.311963062431,290,0.218582426083846,314,-11.7033095492409,312
2026,"Appalachian St.",0,1,68.3459588545559,353,0,1,99.6022290410616,273,200,1,103.085782594113,128,0.404502191797932,199,-3.4835535530511,195
2026,"Arizona",0,1,73.7135334824409,19,0,1,118.56671916345,11,200,1,94.6993654652389,22,0.926125770458483,15,23.8673536982111,15
2026,"Arizona St.",0,1,72.2247554071655,79,0,1,110.119378547905,77,200,1,99.1467880835889,75,0.765098847594418,75,10.9725904643162,75
2026,"Arkansas",0,1,72.479799394025,65,0,1,115.034198481262,29,200,1,94.9561574255964,25,0.896405580242738,28,20.078041055666,29
2026,"Little Rock",0,1,71.1057647915053,171,0,1,103.374722838783,179,200,1,103.491078210163,135,0.496836159991923,152,-0.116355371379981,152
2026,"Arkansas Pine Bluff",0,1,73.760508709505,17,0,1,93.1584784466918,361,200,1,115.411904601943,364,0.0824276339867779,363,-22.2534261552512,364
2026,"Arkansas St.",0,1,71.9822055741116,100,0,1,103.593593764555,173,200,1,103.259336479607,132,0.509088543088381,147,0.334257284947327,147
2026,"Army",0,1,70.4927052393332,234,0,1,95.8268069315605,343,200,1,111.801099007986,338,0.150011242042551,348,-15.9742920764259,347
2026,"Auburn",0,1,71.324541247546,141,0,1,115.004941146796,31,200,1,95.0260401222416,26,0.895366700158712,29,19.9789010245547,31
2026,"Austin Peay",0,1,69.9113386420998,274,0,1,99.3086094370906,285,200,1,108.266704194965,265,0.274559567223875,285,-8.95809475787419,285
2026,"Ball St.",0,1,70.4774653030903,235,0,1,102.666019212372,199,200,1,110.088635883409,310,0.313178281284772,255,-7.42261667103702,256
2026,"Baylor",0,1,69.1934432990047,321,0,1,117.737504164856,15,200,1,94.3058642120522,20,0.92389856031054,17,23.4316399528037,17
2026,"Belmont",0,1,73.3637295217981,27,0,1,107.660839154518,105,200,1,102.179236482764,117,0.642882228819054,108,5.48160267175388,108
2026,"Bethune Cookman",0,1,72.0362109262526,92,0,1,99.5622854144803,277,200,1,105.627893835996,183,0.339546836824564,237,-6.06560842151529,236
2026,"Binghamton",0,1,69.9399220241044,273,0,1,97.1723246947981,323,200,1,110.142479989814,311,0.196312992112937,324,-12.9701552950158,323
2026,"Boise St.",0,1,69.9685930551685,269,0,1,112.987536623926,47,200,1,98.1756976897254,60,0.829322970451506,55,14.8118389342001,53
2026,"Boston College",0,1,70.215124550269,255,0,1,109.079499573979,89,200,1,100.570896185532,99,0.713748147466795,93,8.50860338844763,90
2026,"Boston University",0,1,68.220416000643,356,0,1,99.6803672890606,271,200,1,107.40171032874,238,0.301675305847444,263,-7.72134303967991,261
2026,"Bowling Green",0,1,72.2176519726355,81,0,1,101.69487129994,227,200,1,105.102540012029,169,0.408348887890584,195,-3.40766871208849,193
2026,"Bradley",0,1,69.8206091878885,281,0,1,106.930888518929,111,200,1,101.20988463022,105,0.649899129287429,106,5.7210038887083,106
2026,"Brown",0,1,70.4204789125079,239,0,1,101.403461805591,235,200,1,103.225808488807,130,0.450071620125588,166,-1.82234668321591,166
2026,"Bryant",0,1,71.6340105630992,119,0,1,99.6774661795753,272,200,1,109.363000615143,292,0.260524124833065,291,-9.68553443556812,291
2026,"Bucknell",0,1,70.5123602851926,230,0,1,97.9533750269057,307,200,1,108.280551441664,266,0.244598368528613,300,-10.3271764147579,299
2026,"Buffalo",0,1,73.2306268317085,32,0,1,97.3845542558791,316,200,1,111.040003172392,327,0.18599333523505,328,-13.6554489165133,329
2026,"Butler",0,1,71.2345727086723,154,0,1,111.183451434513,63,200,1,99.9541041175467,91,0.768131821617329,73,11.2293473169659,72
2026,"BYU",0,1,71.1100215924507,170,0,1,120.8969681476,4,200,1,97.8061821978127,55,0.915633636402299,18,23.0907859497876,18
2026,"Cal Poly",0,1,75.93585315835,2,0,1,101.294288704681,239,200,1,109.139442239807,287,0.301701484388898,262,-7.84515353512596,264
2026,"Cal St. Bakersfield",0,1,70.67112484114,211,0,1,99.2588990830367,286,200,1,105.638237699451,184,0.331646120222349,243,-6.37933861641467,242
2026,"Cal St. Fullerton",0,1,71.3241736855107,143,0,1,95.0408577783925,351,200,1,109.050637049847,283,0.175529194805087,335,-14.0097792714544,335
2026,"CSUN",0,1,74.6516959322757,5,0,1,102.550237348667,204,200,1,103.559309457607,136,0.472488691890308,161,-1.00907210894044,161
2026,"California",0,1,71.4558245435891,133,0,1,108.650612776374,95,200,1,100.012441025786,93,0.717477020340632,88,8.63817175058766,87
2026,"Campbell",0,1,70.6098950544663,217,0,1,102.332117400746,208,200,1,106.447201798574,204,0.3908984520196,203,-4.11508439782733,203
2026,"Canisius",0,1,70.8940041344513,190,0,1,95.4972231455013,348,200,1,110.559825104038,319,0.161424024490286,344,-15.0626019585371,342
2026,"Central Arkansas",0,1,71.1896916077735,160,0,1,97.2484510396059,321,200,1,112.730075242488,354,0.159502965876605,345,-15.4816242028824,346
2026,"Central Connecticut",0,1,69.7507744195703,286,0,1,95.0509965376257,350,200,1,107.027833441744,224,0.208317355340694,318,-11.9768369041185,315
2026,"Central Michigan",0,1,71.0547319436667,174,0,1,97.6721420358776,310,200,1,109.217250350692,289,0.221511501148312,311,-11.545108314814,309
2026,"Charleston Southern",0,1,71.0247157941141,177,0,1,97.1294666393158,324,200,1,109.793006674867,300,0.20121618813162,321,-12.6635400355512,321
2026,"Charlotte",0,1,68.6158259549617,349,0,1,104.812087970639,155,200,1,108.127742156223,258,0.41329210674721,190,-3.31565418558381,190
2026,"Chattanooga",0,1,70.8435503046117,196,0,1,109.571038433055,84,200,1,105.777517904462,188,0.597821158556215,119,3.79352052859338,118
2026,"Chicago St.",0,1,70.1269775021946,260,0,1,94.2506212181191,356,200,1,114.842982399992,362,0.0976956730814025,361,-20.5923611818728,362
2026,"Cincinnati",0,1,70.3585235434778,242,0,1,110.548804123257,74,200,1,91.7261957893907,5,0.89088395050562,33,18.8226083338667,36
2026,"Clemson",0,1,69.1132332299529,327,0,1,115.269421546465,27,200,1,95.4012880420376,30,0.893621248749893,30,19.8681335044276,32
2026,"Cleveland St.",0,1,70.4683530272774,236,0,1,101.88649182386,220,200,1,108.99105235341,280,0.319010635264606,251,-7.10456052955006,254
2026,"Coastal Carolina",0,1,68.8621080823276,336,0,1,102.70333684678,195,200,1,110.544345749501,317,0.304134425625281,260,-7.84100890272147,263
2026,"Colgate",0,1,71.0826805620215,173,0,1,102.521590570664,205,200,1,106.645398581191,214,0.390870715193916,204,-4.12380801052726,205
2026,"Charleston",0,1,72.1890168674824,84,0,1,106.683255425364,118,200,1,105.039944442415,165,0.54354925420832,132,1.64331098294922,132
2026,"Colorado",0,1,71.2599656667186,150,0,1,108.162035048469,101,200,1,98.4215455003608,62,0.743009602774645,82,9.74048954810866,83
2026,"Colorado St.",0,1,70.5883235849064,223,0,1,111.161005609556,64,200,1,100.927169653277,101,0.747727825605722,80,10.2338359562797,79
2026,"Columbia",0,1,72.2215825124734,80,0,1,102.241682948383,212,200,1,108.869725813146,279,0.33034146380002,245,-6.62804286476288,245
2026,"Connecticut",0,1,68.4652354149452,351,0,1,121.349394560432,2,200,1,92.9714263296116,13,0.952429106570498,5,28.3779682308202,5
2026,"Coppin St.",0,1,71.0228714408357,179,0,1,89.8918887572421,364,200,1,111.490786103547,332,0.0814722089696053,364,-21.598897346305,363
2026,"Cornell",0,1,73.4793901412495,24,0,1,106.788906080071,114,200,1,109.598956913581,299,0.427464038841911,177,-2.81005083351019,180
2026,"Creighton",0,1,70.914619834749,189,0,1,116.443479218129,22,200,1,98.6935969662325,65,0.865365899053205,41,17.7498822518961,41
2026,"Dartmouth",0,1,72.5459100122655,60,0,1,101.157081275916,242,200,1,106.580954060661,211,0.357187914554355,228,-5.42387278474571,227
2026,"Davidson",0,1,69.7809637061238,285,0,1,105.140563367514,144,200,1,105.136516973673,170,0.500108242728907,150,0.00404639384096583,150
2026,"Dayton",0,1,69.273995761598,314,0,1,111.131830430589,67,200,1,96.3424278082719,37,0.832937972971981,53,14.7894026223168,54
2026,"Delaware",0,1,72.4679296072396,67,0,1,103.308367375525,182,200,1,108.044347614822,257,0.376539325861908,216,-4.73598023929725,216
2026,"Delaware St.",0,1,72.8572958542133,42,0,1,94.8803124889828,352,200,1,111.149306409557,329,0.144253202441758,351,-16.2689939205747,351
2026,"Denver",0,1,70.8134633533588,198,0,1,97.4635038567734,313,200,1,112.62809360431,351,0.16425568610991,341,-15.1645897475362,344
2026,"DePaul",0,1,70.5696812879372,226,0,1,109.880795408212,81,200,1,99.5535169390586,83,0.752200571993061,78,10.3272784691531,78
2026,"Detroit Mercy",0,1,70.157951421094,257,0,1,98.9293926514269,293,200,1,109.204293568307,288,0.247562027783641,298,-10.2749009168803,298
2026,"Drake",0,1,70.8478578207874,194,0,1,106.652703239334,119,200,1,103.293253157621,133,0.589056039950908,123,3.35945008171271,123
2026,"Drexel",0,1,67.8733853123152,360,0,1,99.591058664842,275,200,1,105.845428183322,192,0.335099825476809,239,-6.2543695184799,238
2026,"Duke",0,1,69.8238457614355,280,0,1,120.468367003024,7,200,1,94.0854108532047,17,0.941630658718297,7,26.3829561498192,7
2026,"Duquesne",0,1,69.5815343122552,298,0,1,105.445607117562,141,200,1,100.134887464366,95,0.641381967967646,110,5.3107196531959,110
2026,"East Carolina",0,1,70.2985065527069,246,0,1,101.724348664252,225,200,1,101.252522631444,106,0.51307253065423,146,0.471826032808281,146
2026,"East Tennessee St.",0,1,69.6895311002121,290,0,1,105.600928606382,140,200,1,104.547657791774,154,0.528163058846404,140,1.05327081460763,140
2026,"Eastern Illinois",0,1,70.0844076361897,262,0,1,95.6160604794909,345,200,1,109.489810230359,295,0.178833570179897,333,-13.8737497508677,333
2026,"Eastern Kentucky",0,1,72.0535993600952,91,0,1,104.722031141924,157,200,1,108.028045646268,256,0.413463592830274,189,-3.30601450434385,189
2026,"Eastern Michigan",0,1,70.8938149963027,191,0,1,101.502976452199,233,200,1,109.813317847459,303,0.292079862111744,272,-8.31034139525968,274
2026,"Eastern Washington",0,1,72.1144559318316,89,0,1,103.239099229303,185,200,1,109.129793246293,286,0.34881189881814,231,-5.89069401698981,232
2026,"Elon",0,1,69.7325310212215,288,0,1,100.173084169732,259,200,1,108.422417293598,268,0.291053586014759,273,-8.24933312386624,273
2026,"Evansville",0,1,71.118782917454,166,0,1,98.4575953937915,300,200,1,105.440967897121,180,0.316282372749507,253,-6.98337250332916,248
2026,"Fairfield",0,1,70.9416156494683,186,0,1,99.1277862888785,287,200,1,110.846940724956,326,0.221476760766613,312,-11.7191544360776,313
2026,"Fairleigh Dickinson",0,1,72.8922839970953,40,0,1,95.8785217850693,342,200,1,111.890741428087,340,0.149635861777651,349,-16.0122196430176,349
2026,"FIU",0,1,72.126877756035,86,0,1,101.580359121246,230,200,1,105.190609605947,173,0.403021034290324,200,-3.61025048470187,199
2026,"Florida",0,1,72.9883433791343,37,0,1,121.335784067041,3,200,1,91.8738045333758,6,0.958078890016622,2,29.461979533665,2
2026,"Florida A&M",0,1,71.0460701689665,175,0,1,95.7570557142022,344,200,1,110.769543848425,325,0.162679840309508,343,-15.0124881342227,341
2026,"Florida Atlantic",0,1,72.0278844645529,94,0,1,106.473578069471,123,200,1,105.931112810322,193,0.514361897256059,145,0.542465259148798,145
2026,"Florida Gulf Coast",0,1,69.6114791232561,296,0,1,102.316361240341,209,200,1,105.392824040601,179,0.417442578090255,184,-3.07646280025983,184
2026,"Florida St.",0,1,71.831802650965,108,0,1,108.828053184196,91,200,1,101.054141146378,104,0.697151081854751,96,7.77391203781785,96
2026,"Fordham",0,1,70.9566318870888,184,0,1,103.911200284041,170,200,1,106.926637987891,220,0.420232100084688,182,-3.01543770385047,183
2026,"Fresno St.",0,1,74.3097909873558,7,0,1,103.677352120052,172,200,1,107.024579716516,223,0.411572906408956,192,-3.34722759646407,191
2026,"Furman",0,1,70.3338570947998,243,0,1,106.713093672693,117,200,1,105.10074976149,168,0.542714408279647,133,1.61234391120269,133
2026,"Gardner Webb",0,1,72.1991840112127,82,0,1,98.3961051471104,301,200,1,109.968105161558,309,0.22254820213055,310,-11.572000014448,311
2026,"George Mason",0,1,68.7846238375158,338,0,1,107.705499390773,103,200,1,99.2578069879081,78,0.714818077621483,91,8.44769240286469,91
2026,"George Washington",0,1,71.4139725330145,135,0,1,112.083969134492,53,200,1,102.049150086207,115,0.741768308825649,83,10.0348190482853,81
2026,"Georgetown",0,1,71.2106645450991,156,0,1,109.151981217383,87,200,1,99.2609630164502,79,0.744335283537268,81,9.89101820093269,82
2026,"Georgia",0,1,70.7022028226778,210,0,1,114.019455699821,41,200,1,96.727426885267,43,0.864163637769271,42,17.2920288145538,44
2026,"Georgia Southern",0,1,72.4763649183713,66,0,1,102.003620212161,214,200,1,110.238425483382,313,0.294543435636948,268,-8.23480527122052,272
2026,"Georgia St.",0,1,71.9519238976193,104,0,1,100.065565636308,262,200,1,110.60979413945,321,0.244704281021687,299,-10.5442285031425,301
2026,"Georgia Tech",0,1,71.3151668856797,144,0,1,110.774592739648,72,200,1,99.2192699996951,76,0.775452314851835,69,11.5553227399524,70
2026,"Gonzaga",0,1,73.5221025257136,23,0,1,120.224909445179,8,200,1,94.2965147773795,19,0.938937445911846,9,25.9283946677995,8
2026,"Grambling St.",0,1,70.9192530611705,188,0,1,96.0314591830754,340,200,1,106.744093895487,216,0.233297753177864,305,-10.7126347124113,304
2026,"Grand Canyon",0,1,72.73079821477,48,0,1,109.967289152658,79,200,1,99.7553827387475,87,0.749593742326168,79,10.2119064139109,80
2026,"Green Bay",0,1,72.1333471974965,85,0,1,98.0164464418075,306,200,1,111.055339927863,328,0.197015946565226,323,-13.038893486056,324
2026,"Hampton",0,1,69.7859930482684,283,0,1,100.413972479464,255,200,1,105.750949518447,187,0.35833774949045,226,-5.33697703898336,226
2026,"Harvard",0,1,70.0123585017315,267,0,1,103.148390913705,188,200,1,104.373135370403,147,0.466850851678261,163,-1.22474445669754,163
2026,"Hawaii",0,1,69.78275224881,284,0,1,105.80959319084,135,200,1,101.029491659659,103,0.627164852397954,112,4.7801015311813,113
2026,"High Point",0,1,70.7609617151377,206,0,1,110.820021692533,71,200,1,104.174763134352,145,0.667227612500898,104,6.64525855818094,103
2026,"Hofstra",0,1,68.9613602136256,333,0,1,101.316434268338,238,200,1,102.491858830953,120,0.467603997756073,162,-1.17542456261513,162
2026,"Holy Cross",0,1,70.0547555698177,264,0,1,97.289460622575,320,200,1,114.294364877054,360,0.140369515110315,352,-17.0049042544789,352
2026,"Houston",0,1,66.8682814891651,362,0,1,119.466576117654,10,200,1,88.3384671833725,1,0.967577284288771,1,31.1281089342815,1
2026,"Houston Christian",0,1,69.2760157232126,313,0,1,99.0050084774915,292,200,1,107.896494418618,251,0.275374723721488,284,-8.89148594112621,282
2026,"Howard",0,1,72.7901752231087,45,0,1,100.157069981017,261,200,1,111.531706658318,333,0.229673769444963,307,-11.3746366773009,308
2026,"Idaho",0,1,69.962711190864,270,0,1,103.990361775387,168,200,1,110.552253300749,318,0.334391702259095,240,-6.5618915253621,244
2026,"Idaho St.",0,1,69.3987261973789,307,0,1,98.6754580267865,298,200,1,107.651954712401,246,0.272989997311251,286,-8.97649668561475,286
2026,"Illinois",0,1,73.5587094700059,22,0,1,120.471906953086,6,200,1,93.6554370399377,16,0.944416646482901,6,26.8164699131479,6
2026,"Illinois Chicago",0,1,71.3808471437524,136,0,1,104.065909402232,166,200,1,102.517683251544,121,0.542057342291045,135,1.5482261506873,135
2026,"Illinois St.",0,1,69.551580940415,299,0,1,108.588729665812,96,200,1,105.153979172868,171,0.589426760503401,122,3.43475049294334,121
2026,"Incarnate Word",0,1,70.148854374199,258,0,1,104.713455954445,158,200,1,107.200708486412,229,0.434357008793534,174,-2.48725253196766,175
2026,"Indiana",0,1,69.7313570388715,289,0,1,114.723674737681,35,200,1,96.5682420608984,41,0.874144402438202,40,18.1554326767823,40
2026,"Indiana St.",0,1,74.1647803007798,9,0,1,103.682873574457,171,200,1,106.914765143753,219,0.414518120786214,187,-3.23189156929608,187
2026,"Iona",0,1,71.3543762492911,138,0,1,102.507697492228,206,200,1,108.646731158626,273,0.342011761645216,235,-6.13903366639852,237
2026,"Iowa",0,1,65.4223262833571,365,0,1,114.127261387089,40,200,1,97.8523608671926,57,0.849522549593677,47,16.274900519896,46
2026,"Iowa St.",0,1,71.2760193864353,147,0,1,113.674935450546,44,200,1,89.5203031091036,2,0.936277349847293,11,24.1546323414422,13
2026,"Purdue Fort Wayne",0,1,72.8791105266099,41,0,1,101.898909165932,219,200,1,106.494159062422,208,0.378428177237684,213,-4.59524989648979,213
2026,"IU Indy",0,1,70.2748403518874,248,0,1,97.7284235456001,309,200,1,114.836421026004,361,0.140058066333518,353,-17.1079974804042,354
2026,"Jackson St.",0,1,71.9764134376667,101,0,1,100.760955207244,250,200,1,107.844938778688,250,0.317699434957525,252,-7.08398357144408,252
2026,"Jacksonville",0,1,70.1035234327456,261,0,1,98.3764793521855,302,200,1,104.749882624261,158,0.330438147208886,244,-6.37340327207521,241
2026,"Jacksonville St.",0,1,69.062986470442,329,0,1,102.269350138652,211,200,1,102.808588973827,124,0.485213714246545,156,-0.539238835174089,156
2026,"James Madison",0,1,68.8113834695207,337,0,1,107.003708721927,110,200,1,105.620568220258,182,0.536526472941753,136,1.38314050166967,136
2026,"Kansas",0,1,71.990634154749,99,0,1,114.01473394091,42,200,1,92.5686228547841,10,0.912475803225924,19,21.4461110861264,21
2026,"Kansas St.",0,1,71.1108830617772,169,0,1,112.07368258296,55,200,1,98.5734511055819,63,0.809071594706242,62,13.5002314773781,61
2026,"Kennesaw St.",0,1,73.8083574024146,16,0,1,106.263829706466,127,200,1,105.374488679884,177,0.523619774226283,142,0.889341026582301,141
2026,"Kent St.",0,1,70.541280067012,228,0,1,106.321139459986,126,200,1,103.760347021621,139,0.568142790896406,125,2.56079243836554,125
2026,"Kentucky",0,1,73.0621365560021,35,0,1,120.104214092359,9,200,1,91.1515061551587,4,0.957023064638569,3,28.9527079372005,4
2026,"La Salle",0,1,68.4358466741519,352,0,1,102.744515671682,192,200,1,106.640343023872,212,0.396831537394296,202,-3.89582735218958,202
2026,"Lafayette",0,1,69.9456496662589,271,0,1,96.7019802223405,333,200,1,108.838237719845,278,0.209147046739946,317,-12.136257497505,316
2026,"Lamar",0,1,70.0369677866037,265,0,1,99.589863236372,276,200,1,104.814670747456,162,0.360026216126274,224,-5.22480751108397,223
2026,"Lehigh",0,1,71.5774788440973,123,0,1,97.2203081750449,322,200,1,108.479517878745,270,0.225692647947935,309,-11.2592097037,306
2026,"Liberty",0,1,69.1456980226971,323,0,1,109.094589322611,88,200,1,101.930758493742,112,0.682247014030745,101,7.16383082886944,100
2026,"Lipscomb",0,1,70.6556929436856,214,0,1,101.846144227058,221,200,1,106.128094425861,199,0.386199809287768,207,-4.28195019880232,207
2026,"LIU",0,1,70.6004969225725,219,0,1,96.7853595647599,329,200,1,105.815448847797,191,0.268252093035545,288,-9.03008928303753,287
2026,"Long Beach St.",0,1,68.7767016229489,340,0,1,101.969556387068,217,200,1,106.466112738666,207,0.380962483764196,210,-4.49655635159795,210
2026,"Longwood",0,1,71.6597950713824,117,0,1,102.202028515406,213,200,1,107.212979540386,230,0.368538876627642,219,-5.01095102498023,220
2026,"Louisiana",0,1,70.7215025192813,208,0,1,102.879751292059,190,200,1,107.557183547942,245,0.377494777254472,215,-4.6774322558833,214
2026,"Louisiana Monroe",0,1,70.7960608749043,202,0,1,96.2009591794808,338,200,1,112.394380784858,348,0.148020155757821,350,-16.1934216053776,350
2026,"Louisiana Tech",0,1,69.1548381776032,322,0,1,102.622090259544,200,200,1,103.011988268141,126,0.489336172458974,153,-0.389898008596745,153
2026,"Louisville",0,1,72.9762887541391,38,0,1,120.560801052502,5,200,1,96.4345427221121,38,0.924979454568754,16,24.1262583303901,14
2026,"Loyola Chicago",0,1,70.6668190023028,212,0,1,107.573944612888,107,200,1,100.255916414243,96,0.688387044263446,98,7.31802819864537,99
2026,"Loyola Marymount",0,1,70.4104369541926,241,0,1,104.787782169117,156,200,1,103.455405572545,134,0.535928203112439,137,1.33237659657257,138
2026,"Loyola MD",0,1,70.5071022242072,232,0,1,98.78884358876,295,200,1,108.654145695448,274,0.255244643846039,295,-9.86530210668782,294
2026,"LSU",0,1,71.3415487479426,139,0,1,112.076638975195,54,200,1,97.746240609611,53,0.823332685359988,56,14.3303983655835,56
2026,"Maine",0,1,69.8627327540756,278,0,1,95.8843681867415,341,200,1,104.836534314915,163,0.268122785856052,289,-8.95216612817309,284
2026,"Manhattan",0,1,71.1949404019316,159,0,1,102.862905822966,191,200,1,109.895011802672,305,0.322142238194239,248,-7.03210597970622,250
2026,"Marist",0,1,68.7162535892029,345,0,1,96.7679798736352,330,200,1,101.540851609701,108,0.367808080353569,220,-4.7728717360654,217
2026,"Marquette",0,1,71.5625847882727,125,0,1,111.086042229221,69,200,1,95.0577279361654,27,0.852328616034854,46,16.0283142930559,47
2026,"Marshall",0,1,71.9763570105577,102,0,1,102.676383296117,198,200,1,106.255175262571,200,0.404815374457096,198,-3.57879196645395,198
2026,"Maryland",0,1,70.5950697328706,220,0,1,111.734670413875,57,200,1,92.808367527693,11,0.889720590608015,34,18.9263028861819,34
2026,"Maryland Eastern Shore",0,1,69.8688910216519,277,0,1,92.3147734516233,362,200,1,112.728722825332,353,0.0955631072082898,362,-20.4139493737092,361
2026,"Massachusetts",0,1,73.3605112527165,28,0,1,101.832592148398,222,200,1,105.335989433833,176,0.405998964397642,196,-3.50339728543503,197
2026,"McNeese",0,1,70.5567628655965,227,0,1,107.64420809993,106,200,1,100.568543474111,98,0.682418552748362,100,7.07566462581894,101
2026,"Memphis",0,1,73.7589446435657,18,0,1,111.493619156118,59,200,1,96.5357920685972,40,0.834878150206494,51,14.9578270875206,52
2026,"Mercer",0,1,74.0292577056373,12,0,1,99.8476796275137,267,200,1,106.109554367599,198,0.335303255566379,238,-6.26187474008559,239
2026,"Miami FL",0,1,71.1436727720057,163,0,1,110.112012633422,78,200,1,99.227776797884,77,0.763307984088632,76,10.8842358355379,76
2026,"Miami OH",0,1,71.9052479261993,106,0,1,106.327686150044,125,200,1,104.240880943161,146,0.555517605717556,127,2.08680520688226,127
2026,"Michigan",0,1,72.4889825435813,64,0,1,116.625995152769,20,200,1,92.000167943254,8,0.935129687136521,12,24.6258272095148,11
2026,"Michigan St.",0,1,70.6158067970409,216,0,1,114.313887699609,37,200,1,93.607164371871,15,0.904496268076432,24,20.7067233277376,25
2026,"Middle Tennessee",0,1,71.3556237979831,137,0,1,103.281557598251,183,200,1,104.160380078221,144,0.476187715765274,159,-0.878822479970196,159
2026,"Milwaukee",0,1,72.0135792552438,97,0,1,102.729305319188,193,200,1,107.298908719512,233,0.379985007811562,211,-4.56960340032333,212
2026,"Minnesota",0,1,69.5007563060553,303,0,1,111.032128023737,70,200,1,99.8036957549309,88,0.768420138713217,72,11.2284322688065,73
2026,"Mississippi",0,1,70.8039481021153,200,0,1,114.598990948933,36,200,1,93.5617260682518,14,0.907349898276625,23,21.0372648806815,24
2026,"Mississippi St.",0,1,70.9324025830453,187,0,1,116.141906851747,24,200,1,95.5957550664731,33,0.899365925671138,27,20.5461517852735,26
2026,"Mississippi Valley St.",0,1,69.144259745951,324,0,1,83.8794806603809,365,200,1,117.960552423075,365,0.0211258827720797,365,-34.0810717626942,365
2026,"Missouri",0,1,71.5147592123254,128,0,1,117.928987785596,14,200,1,97.7880628296843,54,0.891572159434841,32,20.1409249559119,28
2026,"Missouri St.",0,1,68.7301310107365,344,0,1,101.572809610324,231,200,1,104.002705208602,141,0.433898778357797,175,-2.42989559827733,173
2026,"Monmouth",0,1,71.280891826424,146,0,1,102.281337264028,210,200,1,106.462373812577,206,0.38918852266289,205,-4.18103654854926,206
2026,"Montana",0,1,70.3098893017636,245,0,1,104.849118881971,153,200,1,107.041802607884,225,0.442051028644946,171,-2.19268372591281,171
2026,"Montana St.",0,1,70.4950427964506,233,0,1,101.38167310703,236,200,1,108.44013516262,269,0.319256274303317,250,-7.0584620555897,251
2026,"Morehead St.",0,1,68.736594138731,342,0,1,98.1338371577594,305,200,1,107.945445032486,253,0.255012581456615,296,-9.81160787472672,293
2026,"Morgan St.",0,1,73.6504177196629,20,0,1,93.6555790844951,359,200,1,112.188297228043,345,0.115961723437355,357,-18.5327181435479,357
2026,"Mount St. Mary's",0,1,71.2176857653513,155,0,1,99.0549806988162,290,200,1,105.800164959093,190,0.322760044738407,247,-6.74518426027714,246
2026,"Murray St.",0,1,70.2718535330252,249,0,1,106.047602277922,132,200,1,104.461636380809,153,0.542278072176953,134,1.58596589711308,134
2026,"Navy",0,1,70.9845085135303,181,0,1,102.553012596737,203,200,1,106.374535871357,202,0.398529352708381,201,-3.82152327461971,201
2026,"Nebraska",0,1,71.7573292153526,111,0,1,114.196998539265,39,200,1,98.9858240725285,69,0.833157036789335,52,15.2111744667364,51
2026,"Nebraska Omaha",0,1,71.1792761607753,161,0,1,104.94477713924,150,200,1,108.240052659048,262,0.413911554666122,188,-3.29527551980804,188
2026,"Nevada",0,1,69.2980371919769,310,0,1,107.527094125601,108,200,1,99.1003970269618,74,0.714655997028555,92,8.42669709863942,92
2026,"New Hampshire",0,1,71.7057071109766,115,0,1,95.2974454275057,349,200,1,112.683819928942,352,0.131780496700332,355,-17.3863745014365,355
2026,"New Mexico",0,1,70.8563393567553,192,0,1,106.351684125063,124,200,1,98.8174098538358,66,0.695640347984207,97,7.53427427122745,97
2026,"New Mexico St.",0,1,69.4397457709756,306,0,1,103.192629931868,186,200,1,102.421540254139,119,0.521082341341427,144,0.771089677728668,144
2026,"New Orleans",0,1,72.2903373844353,74,0,1,99.3218784917618,284,200,1,109.505039634113,296,0.250104908397217,297,-10.183161142351,297
2026,"Niagara",0,1,69.2290568852817,319,0,1,96.5775075317448,334,200,1,111.216963456062,330,0.16969480595738,338,-14.6394559243176,337
2026,"Nicholls",0,1,71.2598968463904,151,0,1,100.20423760747,258,200,1,105.467769166825,181,0.359866673357446,225,-5.26353155935523,225
2026,"NJIT",0,1,70.3322043231361,244,0,1,93.516741636519,360,200,1,111.575903267286,334,0.120643327789351,356,-18.0591616307665,356
2026,"Norfolk St.",0,1,70.1800889701421,256,0,1,101.567869276513,232,200,1,107.472326145853,241,0.346220533465693,232,-5.90445686933958,233
2026,"North Carolina",0,1,73.3678590333023,26,0,1,116.125080835532,25,200,1,96.8835614683326,45,0.884732300757396,35,19.2415193671992,33
2026,"North Carolina A&T",0,1,72.2730136410389,75,0,1,94.7614756078605,354,200,1,111.856235302345,339,0.134025059858714,354,-17.0947596944841,353
2026,"North Carolina Central",0,1,70.5867974153524,224,0,1,98.4878610753101,299,200,1,111.791725281433,337,0.193812879769238,326,-13.3038642061225,327
2026,"N.C. State",0,1,70.2241373786864,253,0,1,114.747110670439,34,200,1,96.1856672328492,36,0.879220166487161,38,18.56144343759,38
2026,"North Dakota",0,1,71.7674009762528,110,0,1,100.477474903341,253,200,1,112.418859638127,349,0.220397044004076,313,-11.9413847347862,314
2026,"North Dakota St.",0,1,69.3293400797635,309,0,1,104.323647950463,162,200,1,109.028744588935,282,0.378416033945197,214,-4.70509663847203,215
2026,"North Florida",0,1,72.7091309114023,49,0,1,99.923302892984,265,200,1,114.880725336483,363,0.172319149203881,337,-14.9574224434985,340
2026,"North Texas",0,1,69.1974223963528,320,0,1,106.10305369946,129,200,1,97.58772397011,50,0.719334942156857,87,8.51532972934974,88
2026,"Northeastern",0,1,70.5891402724947,221,0,1,102.90338460927,189,200,1,107.679447102718,247,0.375101586093086,217,-4.77606249344744,218
2026,"Northern Arizona",0,1,70.4490322161824,238,0,1,101.141915137292,243,200,1,109.527387448096,297,0.289860324860252,275,-8.38547231080392,275
2026,"Northern Colorado",0,1,72.2529794315251,78,0,1,105.068025500851,146,200,1,108.718097280108,276,0.405116599350219,197,-3.65007177925673,200
2026,"Northern Illinois",0,1,72.0306908594662,93,0,1,98.3474451656436,303,200,1,110.742375318151,324,0.208271679772513,319,-12.3949301525078,319
2026,"Northern Iowa",0,1,69.8944117185996,275,0,1,106.837078066848,113,200,1,102.596438952618,122,0.611980641736912,116,4.24063911422932,116
2026,"Northern Kentucky",0,1,69.7962590714223,282,0,1,99.3627651248982,281,200,1,108.217016144277,261,0.276815493161064,282,-8.85425101937895,281
2026,"Northwestern",0,1,69.278246106182,312,0,1,111.467002351661,60,200,1,97.3557421586783,48,0.820945280785146,57,14.111260192983,57
2026,"Northwestern St.",0,1,69.1273814336957,325,0,1,100.225542346022,257,200,1,108.16209871281,260,0.29789552217004,266,-7.9365563667877,267
2026,"Notre Dame",0,1,68.6505763093202,348,0,1,109.796711698396,82,200,1,99.0826144266386,73,0.76044333791301,77,10.714097271757,77
2026,"Oakland",0,1,69.2476633649721,315,0,1,104.527792812492,161,200,1,108.026466529574,255,0.408447586241322,194,-3.4986737170822,196
2026,"Ohio",0,1,72.7062161704474,50,0,1,104.917577198946,151,200,1,105.384336062753,178,0.487518052577257,154,-0.466758863806803,154
2026,"Ohio St.",0,1,70.8465367475884,195,0,1,118.339309767121,13,200,1,98.0115792051959,58,0.892859841832716,31,20.327730561925,27
2026,"Oklahoma",0,1,71.1272591167651,164,0,1,113.331111898103,46,200,1,99.366040799457,80,0.814483793748941,60,13.9650710986459,58
2026,"Oklahoma St.",0,1,74.3964209143328,6,0,1,111.152959025914,66,200,1,99.561364984698,84,0.775389394489512,70,11.5915940412157,69
2026,"Old Dominion",0,1,70.1347836914672,259,0,1,104.209741947229,164,200,1,107.380850678045,236,0.416481817933104,185,-3.1711087308162,185
2026,"Oral Roberts",0,1,71.0844010110305,172,0,1,101.159222632748,241,200,1,112.456525779857,350,0.233071476034323,306,-11.2973031471092,307
2026,"Oregon",0,1,71.2444470497302,152,0,1,114.787737699793,33,200,1,96.1203383079885,35,0.880449321313082,37,18.6673993918048,37
2026,"Oregon St.",0,1,68.4672131948264,350,0,1,108.443635447544,99,200,1,106.428642918091,203,0.552555862656092,130,2.01499252945291,129
2026,"Pacific",0,1,70.4200077559055,240,0,1,105.32725310129,142,200,1,107.447628817511,240,0.444176757262183,169,-2.12037571622038,169
2026,"Penn",0,1,72.6378948035871,54,0,1,103.423963488814,176,200,1,111.943905596849,341,0.290993525463723,274,-8.51994210803454,278
2026,"Penn St.",0,1,72.7957232895708,43,0,1,107.672647700353,104,200,1,99.6150514881656,86,0.705795619790919,95,8.05759621218768,95
2026,"Pepperdine",0,1,71.5308873913994,127,0,1,100.844841488264,249,200,1,107.288198490033,232,0.332527666322822,242,-6.44335700176872,243
2026,"Pittsburgh",0,1,70.0664143052878,263,0,1,111.898910641247,56,200,1,98.8286372320403,67,0.801762282231772,63,13.070273409207,63
2026,"Portland",0,1,71.9724625076321,103,0,1,102.445517710785,207,200,1,110.423699814946,316,0.300760577912019,265,-7.97818210416118,268
2026,"Portland St.",0,1,72.4945913691955,63,0,1,101.11077109648,245,200,1,103.639634555578,137,0.430966078669406,176,-2.52886345909809,176
2026,"Prairie View A&M",0,1,73.0907128964546,34,0,1,95.6018026744514,346,200,1,108.707999956535,275,0.190721438848837,327,-13.1061972820838,326
2026,"Presbyterian",0,1,68.9882330628903,332,0,1,99.405000479187,279,200,1,108.155789263646,259,0.279052688457299,281,-8.75078878445913,280
2026,"Princeton",0,1,70.2269765636444,251,0,1,102.002728456428,215,200,1,106.563217364077,210,0.3794079537967,212,-4.56048890764956,211
2026,"Providence",0,1,70.2223310487778,254,0,1,113.673954610784,45,200,1,98.0354533570068,59,0.840915759726296,48,15.6385012537775,48
2026,"Purdue",0,1,69.3605903961257,308,0,1,124.524824891051,1,200,1,95.3790344007252,29,0.952563776493332,4,29.1457904903263,3
2026,"Quinnipiac",0,1,73.971582714171,13,0,1,100.935002759457,247,200,1,106.45052681277,205,0.35467775873529,229,-5.51552405331283,229
2026,"Radford",0,1,69.5957041163907,297,0,1,106.626165083179,120,200,1,105.794913750299,189,0.521997789628127,143,0.831251332880242,143
2026,"Rhode Island",0,1,72.5776216888898,59,0,1,106.586587081709,121,200,1,101.79424526349,110,0.626573806253203,113,4.7923418182199,112
2026,"Rice",0,1,70.2704516967204,250,0,1,104.881317283731,152,200,1,106.974102181812,222,0.444660044185053,168,-2.09278489808182,168
2026,"Richmond",0,1,68.9300616549359,335,0,1,106.716581107588,116,200,1,102.944720693094,125,0.59984622718961,118,3.77186041449366,119
2026,"Rider",0,1,69.6119826682662,295,0,1,98.7273101434509,296,200,1,109.360969089767,291,0.240344810330265,304,-10.6336589463161,302
2026,"Robert Morris",0,1,71.1182226963823,167,0,1,101.007419810063,246,200,1,106.095725536448,197,0.365188945086904,222,-5.08830572638497,221
2026,"Rutgers",0,1,71.506939061019,129,0,1,106.848609907583,112,200,1,97.398729310561,49,0.739187110989205,84,9.44988059702237,85
2026,"Sacramento St.",0,1,70.5103676126047,231,0,1,99.8250451089161,268,200,1,107.97563007289,254,0.292562171339825,270,-8.15058496397378,271
2026,"Sacred Heart",0,1,72.7407149098933,47,0,1,102.555986811166,201,200,1,109.571930610753,298,0.322034180191781,249,-7.01594379958637,249
2026,"Saint Joseph's",0,1,70.7657217592988,205,0,1,105.307268530536,143,200,1,99.9464377146796,90,0.642857970559429,109,5.36083081585664,109
2026,"Saint Louis",0,1,71.929213882418,105,0,1,111.119258661091,68,200,1,98.6646089354824,64,0.792057816817789,66,12.4546497256089,65
2026,"Saint Mary's",0,1,66.4389034753743,364,0,1,111.156508482848,65,200,1,96.4988241149702,39,0.830734840221234,54,14.6576843678777,55
2026,"Saint Peter's",0,1,68.324680142884,354,0,1,96.5281512720276,335,200,1,105.729523022004,186,0.264189378420065,290,-9.2013717499767,290
2026,"Sam Houston St.",0,1,71.204442454089,157,0,1,103.339714222814,180,200,1,106.534794415824,209,0.415187470809758,186,-3.19508019300929,186
2026,"Samford",0,1,71.3035183157395,145,0,1,104.662992019505,159,200,1,107.509194587209,244,0.425106190408817,180,-2.84620256770386,181
2026,"San Diego",0,1,73.6311077921176,21,0,1,104.252292769967,163,200,1,106.704407310395,215,0.434983494198177,173,-2.45211454042789,174
2026,"San Diego St.",0,1,69.8775764963902,276,0,1,112.45614244878,51,200,1,92.4600661991342,9,0.900482546784123,26,19.9960762496457,30
2026,"San Francisco",0,1,71.4606552790563,132,0,1,109.474183798143,86,200,1,99.9835019316345,92,0.735009629006403,85,9.49068186650867,84
2026,"San Jose St.",0,1,69.9416950406077,272,0,1,103.476217567054,175,200,1,104.41303015131,149,0.474673550196739,160,-0.936812584256074,160
2026,"Santa Clara",0,1,72.5439116547851,61,0,1,108.807964600588,93,200,1,102.70005430609,123,0.656995536236532,105,6.10791029449754,105
2026,"Seattle",0,1,70.6066407716964,218,0,1,103.418371718128,177,200,1,99.6074638422445,85,0.60405432738191,117,3.81090787588354,117
2026,"Seton Hall",0,1,69.2353357995944,317,0,1,104.986724511831,149,200,1,96.6458431184325,42,0.717335512122866,89,8.34088139339892,93
2026,"Siena",0,1,70.9555080254636,185,0,1,102.677269982271,197,200,1,107.090606451215,227,0.383799859768922,208,-4.41333646894357,208
2026,"SIUE",0,1,70.4680478261162,237,0,1,99.10111321208,289,200,1,104.890375272062,164,0.345536008241979,233,-5.78926205998218,230
2026,"SMU",0,1,71.7336779061217,112,0,1,115.02962132436,30,200,1,97.633426721506,51,0.863498869325654,43,17.3961946028545,43
2026,"South Alabama",0,1,68.7065037714432,347,0,1,101.581801483745,229,200,1,104.555411313864,155,0.419556611698022,183,-2.97360983011973,182
2026,"South Carolina",0,1,69.0293127696862,330,0,1,109.533260944382,85,200,1,100.278553054108,97,0.729701695577037,86,9.2547078902742,86
2026,"South Carolina St.",0,1,72.6208208713492,56,0,1,96.3572879376108,337,200,1,109.090883039385,285,0.198399006224424,322,-12.7335951017742,322
2026,"South Dakota",0,1,75.0189253241546,3,0,1,101.916006522877,218,200,1,112.824850946461,356,0.241589337059887,301,-10.9088444235832,305
2026,"South Dakota St.",0,1,71.6512992310634,118,0,1,105.703440871758,138,200,1,107.831487131385,249,0.444174248756164,170,-2.12804625962696,170
2026,"South Florida",0,1,72.3808924665562,69,0,1,107.490198313953,109,200,1,100.932530411006,102,0.669994040526908,103,6.55766790294633,104
2026,"Southeast Missouri",0,1,72.5787869532834,58,0,1,98.7018455980035,297,200,1,105.95925839372,195,0.310410907050416,256,-7.25741279571632,255
2026,"Southeastern Louisiana",0,1,70.8006815599805,201,0,1,99.3907216150201,280,200,1,106.889139815604,218,0.306134970641581,258,-7.4984182005842,257
2026,"Southern",0,1,71.6293503442771,120,0,1,100.253535886982,256,200,1,101.972203420285,114,0.452338488234367,165,-1.71866753330215,165
2026,"Southern Illinois",0,1,72.262354566651,77,0,1,105.013181647409,147,200,1,103.061607889861,127,0.552564567132403,129,1.95157375754826,130
2026,"Southern Miss",0,1,72.9399387318414,39,0,1,99.543293154275,278,200,1,107.227825996664,231,0.302254466634016,261,-7.68453284238892,260
2026,"Southern Utah",0,1,72.432472718647,68,0,1,99.3625723523895,282,200,1,107.490100921052,242,0.29224374122959,271,-8.12752856866247,269
2026,"St. Bonaventure",0,1,68.992451382039,331,0,1,105.781515033955,136,200,1,102.347799863981,118,0.591758195032879,120,3.43371516997456,122
2026,"Saint Francis",0,1,70.970171782992,183,0,1,94.7410986525536,355,200,1,110.21282323707,312,0.154238761781353,346,-15.4717245845163,345
2026,"St. John's",0,1,72.6696862016385,52,0,1,116.388362376367,23,200,1,92.9111507522941,12,0.926525279894081,14,23.4772116240729,16
2026,"Stanford",0,1,69.8393985844849,279,0,1,108.029060534976,102,200,1,99.5167605851218,82,0.715721077885166,90,8.51229994985384,89
2026,"Stephen F. Austin",0,1,71.1163931597316,168,0,1,98.2325276792828,304,200,1,104.144139420328,143,0.34131647016418,236,-5.91161174104566,234
2026,"Stetson",0,1,70.8078575861201,199,0,1,97.308084892235,319,200,1,113.282732274679,358,0.153156899851372,347,-15.9746473824442,348
2026,"Stony Brook",0,1,69.283554593279,311,0,1,100.846489820294,248,200,1,109.902885177246,306,0.275384347700055,283,-9.05639535695191,289
2026,"Syracuse",0,1,72.1036048288626,90,0,1,112.76453081062,49,200,1,100.851686963481,100,0.778349203380666,68,11.9128438471388,68
2026,"TCU",0,1,70.8541153159196,193,0,1,109.645829719847,83,200,1,97.3136513519847,47,0.792869038782634,65,12.3321783678624,66
2026,"Temple",0,1,71.6738724086226,116,0,1,106.096690421517,130,200,1,104.441607496869,151,0.54410520866683,131,1.65508292464783,131
2026,"Tennessee",0,1,69.1215409080643,326,0,1,115.26838501188,28,200,1,90.223779148517,3,0.940246507607521,8,25.0446058633634,9
2026,"Tennessee Martin",0,1,70.2983781982772,247,0,1,96.0444100098705,339,200,1,109.800888100439,301,0.181546955828025,332,-13.756478090569,330
2026,"Tennessee St.",0,1,72.1172761604325,88,0,1,99.9633656214883,264,200,1,106.328821708093,201,0.333034584481603,241,-6.36545608660482,240
2026,"Tennessee Tech",0,1,71.163556952944,162,0,1,97.0620695120153,326,200,1,112.174456128154,344,0.164114515502833,342,-15.1123866161388,343
2026,"Texas",0,1,72.2627098928684,76,0,1,113.678094562383,43,200,1,95.5206985349275,32,0.876295997591767,39,18.1573960274556,39
2026,"Texas A&M",0,1,73.246150277414,31,0,1,114.22166109463,38,200,1,95.3644177132976,28,0.883900668050833,36,18.8572433813329,35
2026,"Texas A&M Corpus Chris",0,1,71.3332948577837,140,0,1,99.0481647047752,291,200,1,106.96310947886,221,0.296321867923838,267,-7.91494477408426,266
2026,"Texas Southern",0,1,72.7935344996384,44,0,1,96.9378771779467,327,200,1,107.340242221815,235,0.241083295577445,303,-10.4023650438683,300
2026,"Texas St.",0,1,69.4506230814739,305,0,1,101.763084952457,224,200,1,104.456953350063,152,0.427040550667247,178,-2.69386839760546,177
2026,"Texas Tech",0,1,68.9346615293759,334,0,1,118.452875311709,12,200,1,94.2355317914545,18,0.929108590872426,13,24.2173435202541,12
2026,"The Citadel",0,1,69.2426332100859,316,0,1,97.8285392878217,308,200,1,111.668152288334,336,0.184140065312383,329,-13.8396130005124,332
2026,"Toledo",0,1,71.8283758737804,109,0,1,108.434522130886,100,200,1,110.404431514588,315,0.449536806264742,167,-1.96990938370192,167
2026,"Towson",0,1,68.0009831270837,358,0,1,105.668501158446,139,200,1,104.783759761288,159,0.523630025513926,141,0.884741397157498,142
2026,"Troy",0,1,70.7806750946567,204,0,1,104.562446498986,160,200,1,101.678265162417,109,0.57802538994057,124,2.88418133656874,124
2026,"Tulane",0,1,71.7303732371972,113,0,1,108.49716277112,98,200,1,103.750837071764,138,0.623218727124638,115,4.74632569935585,114
2026,"Tulsa",0,1,70.9764719707231,182,0,1,106.034572214413,133,200,1,104.789372063806,160,0.533174798565242,139,1.24520015060645,139
2026,"UAB",0,1,72.3144129184651,73,0,1,110.742182141664,73,200,1,103.22654882074,131,0.6879678389881,99,7.51563332092459,98
2026,"UC Davis",0,1,71.0436568949124,176,0,1,97.3317481715562,318,200,1,105.230140057995,174,0.293638856305083,269,-7.89839188643847,265
2026,"UC Irvine",0,1,72.0221476390983,96,0,1,103.536556501989,174,200,1,98.9884157751238,70,0.62372085047691,114,4.54814072686558,115
2026,"UC Riverside",0,1,71.0231712243568,178,0,1,99.8891939909975,266,200,1,108.359706276757,267,0.285836605017966,277,-8.4705122857599,277
2026,"UC Santa Barbara",0,1,69.6762494114875,292,0,1,106.728723399126,115,200,1,104.399815445688,148,0.561733936061407,126,2.32890795343707,126
2026,"UCF",0,1,73.3598303162749,29,0,1,110.382828110061,76,200,1,97.7077085619811,52,0.797736797553168,64,12.6751195480799,64
2026,"UCLA",0,1,68.7138070224921,346,0,1,116.921861632627,18,200,1,91.9170771272438,7,0.937436328544448,10,25.0047845053836,10
2026,"UMass Lowell",0,1,72.119258690296,87,0,1,101.716148378363,226,200,1,111.606285890053,335,0.260397781241036,292,-9.89013751168945,295
2026,"UMBC",0,1,73.3251054216951,30,0,1,101.826506582682,223,200,1,111.969505502805,342,0.255734835223383,294,-10.1429989201232,296
2026,"Kansas City",0,1,69.475060274095,304,0,1,97.3409685698181,317,200,1,109.479038616593,294,0.210481929949049,316,-12.1380700467744,317
2026,"UNC Asheville",0,1,71.5699543322525,124,0,1,103.394807649243,178,200,1,108.560435101111,272,0.366221046529637,221,-5.16562745186862,222
2026,"UNC Greensboro",0,1,68.2212504512235,355,0,1,101.184498779696,240,200,1,107.16002811015,228,0.344004423411641,234,-5.97552933045462,235
2026,"UNC Wilmington",0,1,69.7475719215706,287,0,1,108.811879180042,92,200,1,105.328825384466,175,0.590492225751757,121,3.48305379557658,120
2026,"UNLV",0,1,70.6625747097781,213,0,1,108.713691907355,94,200,1,103.137601973856,129,0.64390513086837,107,5.57608993349902,107
2026,"USC",0,1,72.5219432151986,62,0,1,116.103011174438,26,200,1,94.6619901329903,21,0.908616598028759,22,21.4410210414477,22
2026,"USC Upstate",0,1,74.7339357367866,4,0,1,97.1169728627556,325,200,1,111.490714616496,331,0.174684684581297,336,-14.3737417537402,336
2026,"UT Arlington",0,1,71.8463045365985,107,0,1,103.159326418166,187,200,1,105.946605815193,194,0.42557417587681,179,-2.78727939702732,179
2026,"UT Rio Grande Valley",0,1,73.1390612828857,33,0,1,101.441614123198,234,200,1,108.263790239807,264,0.324704974256029,246,-6.82217611660943,247
2026,"Utah",0,1,71.6276701751763,121,0,1,109.930562708641,80,200,1,98.8315953383312,68,0.768053955237593,74,11.0989673703099,74
2026,"Utah St.",0,1,71.2038728696789,158,0,1,116.566481866223,21,200,1,99.0693039355284,72,0.861728833005947,44,17.4971779306947,42
2026,"Utah Valley",0,1,71.5594772290801,126,0,1,104.998193200687,148,200,1,99.8548988699924,89,0.637615929082338,111,5.1432943306946,111
2026,"UTEP",0,1,72.0266252313428,95,0,1,100.737354484609,251,200,1,101.50169511936,107,0.478753620700253,157,-0.764340634750624,157
2026,"UTSA",0,1,73.0578890069512,36,0,1,105.099939623413,145,200,1,104.791473686417,161,0.508266007798676,148,0.30846593699529,148
2026,"Valparaiso",0,1,71.5000114458951,131,0,1,101.336412050534,237,200,1,110.247042821167,314,0.279261785658357,280,-8.91063077063343,283
2026,"Vanderbilt",0,1,72.7656279255027,46,0,1,116.680185849104,19,200,1,94.782605033323,23,0.912001503671562,20,21.8975808157807,19
2026,"VCU",0,1,74.0875815590169,10,0,1,108.586336663904,97,200,1,94.8735466907397,24,0.820355446692384,58,13.712789973164,60
2026,"Vermont",0,1,67.4806931824843,361,0,1,102.555873258996,202,200,1,107.051210833741,226,0.381633600905012,209,-4.49533757474524,209
2026,"Villanova",0,1,70.7865582901211,203,0,1,112.201033325347,52,200,1,96.7787274449199,44,0.840704751633884,50,15.4223058804268,50
2026,"Virginia",0,1,69.5015950941597,302,0,1,112.946455708898,48,200,1,99.0109192459429,71,0.814790271077026,59,13.9355364629555,59
2026,"Virginia Tech",0,1,69.5440443760411,300,0,1,111.589568736208,58,200,1,100.046057313349,94,0.773549866457345,71,11.5435114228593,71
2026,"VMI",0,1,72.3663883079957,70,0,1,100.157226204579,260,200,1,107.729942586104,248,0.30576972142434,259,-7.57271638152532,258
2026,"Wagner",0,1,68.7824597139843,339,0,1,91.8584594681325,363,200,1,110.732615352343,323,0.108875214998645,359,-18.8741558842102,358
2026,"Wake Forest",0,1,71.2599747156286,149,0,1,112.650555939859,50,200,1,97.1640197231829,46,0.840742618118687,49,15.4865362166761,49
2026,"Washington",0,1,71.324502419801,142,0,1,114.802066403276,32,200,1,98.1944026496898,61,0.85294997088382,45,16.6076637535866,45
2026,"Washington St.",0,1,73.3705521654495,25,0,1,106.053970235342,131,200,1,104.713787867539,157,0.535706574633681,138,1.34018236780294,137
2026,"Weber St.",0,1,69.6294585928209,294,0,1,99.3256680025122,283,200,1,109.963994062907,308,0.241462916432668,302,-10.6383260603945,303
2026,"West Virginia",0,1,66.5016010133444,363,0,1,111.38084221311,61,200,1,99.4550972242276,81,0.781435623125406,67,11.9257449888827,67
2026,"Western Carolina",0,1,72.677993501382,51,0,1,100.475910189863,254,200,1,104.596207716191,156,0.38885455689607,206,-4.12029752632854,204
2026,"Western Illinois",0,1,68.7329014499887,343,0,1,97.461288573279,314,200,1,112.338395302644,346,0.16823613967909,339,-14.8771067293652,338
2026,"Western Kentucky",0,1,74.04502262022,11,0,1,102.724009496431,194,200,1,104.097416479083,142,0.46271572290761,164,-1.37340698265223,164
2026,"Western Michigan",0,1,71.2741703575203,148,0,1,100.044181573759,263,200,1,109.816626562243,304,0.259513160947459,293,-9.77244498848424,292
2026,"Wichita St.",0,1,72.3326131052575,72,0,1,106.492189476009,122,200,1,104.422555482781,150,0.554974816251659,128,2.06963399322804,128
2026,"William & Mary",0,1,73.8527783421659,15,0,1,104.033845308204,167,200,1,109.913955933483,307,0.350113000612888,230,-5.88011062527944,231
2026,"Winthrop",0,1,73.9533983538315,14,0,1,105.715536989656,137,200,1,105.727774983453,185,0.499674434226297,151,-0.0122379937970862,151
2026,"Wisconsin",0,1,70.5861736593478,225,0,1,117.110402561969,17,200,1,95.4239433587945,31,0.909196237308572,21,21.6864592031749,20
2026,"Wofford",0,1,70.0240471280969,266,0,1,103.25267576694,184,200,1,108.509117779945,271,0.363866965134832,223,-5.25644201300521,224
2026,"Wright St.",0,1,71.1232990271918,165,0,1,103.937743919269,169,200,1,107.39654120002,237,0.408957044902991,193,-3.45879728075116,194
2026,"Wyoming",0,1,68.7419258203394,341,0,1,103.325482732113,181,200,1,103.813841100626,140,0.486741402480042,155,-0.488358368512863,155
2026,"Xavier",0,1,74.17833544479,8,0,1,111.311197190601,62,200,1,97.8447212238495,56,0.810100951143583,61,13.4664759667517,62
2026,"Yale",0,1,70.8180146312103,197,0,1,109.021711259492,90,200,1,101.949294474049,113,0.680170194253004,102,7.07241678544307,102
2026,"Youngstown St.",0,1,72.3340222085834,71,0,1,102.686659833489,196,200,1,105.087568787768,167,0.435361866535862,172,-2.40090895427973,172
2026,"North Alabama",0,1,71.0000574102241,180,0,1,101.982257121862,216,200,1,107.42120595799,239,0.357889511099644,227,-5.43894883612745,228
2026,"Cal Baptist",0,1,69.6701717050948,293,0,1,104.161218932675,165,200,1,107.509027879928,243,0.411954089622806,191,-3.34780894725263,192
2026,"Merrimack",0,1,69.086319097103,328,0,1,96.9328752477252,328,200,1,105.075722837084,166,0.287521222606649,276,-8.14284758935857,270
2026,"Bellarmine",0,1,70.7206728473752,209,0,1,101.639501245997,228,200,1,113.198067703505,357,0.229400040124055,308,-11.558566457508,310
2026,"Utah Tech",0,1,72.0087955256093,98,0,1,99.7137167713405,270,200,1,106.807241404006,217,0.315802868202792,254,-7.09352463266555,253
2026,"Tarleton St.",0,1,69.516274328721,301,0,1,96.7626726176438,331,200,1,105.184170057351,172,0.28113684632521,279,-8.42149743970731,276
2026,"UC San Diego",0,1,70.5336316128531,229,0,1,106.224347312324,128,200,1,106.090141890326,196,0.503555541015521,149,0.134205421997805,149
2026,"St. Thomas",0,1,70.58882944983,222,0,1,105.810218543598,134,200,1,106.64409171324,213,0.477936363984392,158,-0.833873169641478,158
2026,"Southern Indiana",0,1,71.2400776517969,153,0,1,100.551791746299,252,200,1,109.07911556209,284,0.285823470948785,278,-8.52732381579075,279
2026,"Stonehill",0,1,69.6878603122713,291,0,1,96.7588458616904,332,200,1,110.573392103922,320,0.182216900754231,331,-13.8145462422313,331
2026,"Queens",0,1,72.5798010580044,57,0,1,104.827827589657,154,200,1,109.804962406752,302,0.37242029775021,218,-4.97713481709462,219
2026,"Lindenwood",0,1,72.1969932060082,83,0,1,94.7676412411865,353,200,1,108.24511765232,263,0.183035531790581,330,-13.4774764111335,328
2026,"East Texas A&M",0,1,70.6512389044179,215,0,1,95.5396331949406,347,200,1,109.47288786135,293,0.177770349100994,334,-13.933254666409,334
2026,"Le Moyne",0,1,71.7085150554105,114,0,1,97.4524787183267,315,200,1,112.38463055988,347,0.167447531344268,340,-14.9321518415537,339
2026,"Mercyhurst",0,1,69.2341195690296,318,0,1,93.8846166533437,358,200,1,112.771490438056,355,0.112836298412499,358,-18.8868737847119,359
2026,"West Georgia",0,1,71.5061431947265,130,0,1,99.7493844150154,269,200,1,112.133509456113,343,0.211387869578258,315,-12.3841250410972,318
2026,"New Haven",0,1,70.7499856116831,207,0,1,94.0099779587254,357,200,1,113.490402553373,359,0.10730495705547,360,-19.4804245946475,360
