Team,Seed,Rk,Coach,Wins,Losses,Season,ConfOnly,ORtg_value,ORtg_rank,DRtg_value,DRtg_rank,AdjT_value,AdjT_rank,Luck_value,Luck_rank,OE,RankOE,DE,RankDE,Tempo,RankTempo,eFG_Pct,RankeFG_Pct,TO_Pct,RankTO_Pct,OR_Pct,RankOR_Pct,FT_Rate,RankFT_Rate,DeFG_Pct,RankDeFG_Pct,DTO_Pct,RankDTO_Pct,DOR_Pct,RankDOR_Pct,DFT_Rate,RankDFT_Rate,OffFt,RankOffFt,OffFg2,RankOffFg2,OffFg3,RankOffFg3,DefFt,RankDefFt,DefFg2,RankDefFg2,DefFg3,RankDefFg3,AvgHgt,AvgHgtRank,HgtEff,HgtEffRank,Hgt5,Hgt5Rank,Hgt4,Hgt4Rank,Hgt3,Hgt3Rank,Hgt2,Hgt2Rank,Hgt1,Hgt1Rank,Exp,ExpRank,Bench,BenchRank,Continuity,RankContinuity,FG3Pct,RankFG3Pct,FG2Pct,RankFG2Pct,FTPct,RankFTPct,BlockPct,RankBlockPct,StlRate,RankStlRate,NSTRate,RankNSTRate,ARate,RankARate,F3GRate,RankF3GRate,OppFG3Pct,RankOppFG3Pct,OppFG2Pct,RankOppFG2Pct,OppFTPct,RankOppFTPct,OppBlockPct,RankOppBlockPct,OppStlRate,RankOppStlRate,OppNSTRate,RankOppNSTRate,OppARate,RankOppARate,OppF3GRate,RankOppF3GRate,Arena,ArenaCity,ArenaState
Duke,1,1,Jon Scheyer,32,2,2026,FALSE,127.956,4,89.0562,2,65.3455,287,0.0493,63,122.47,4,94.2526,2,67.0971,239,56.7724,13,15.6928,117,38.0952,8,37.7644,112,46.1793,12,18.1475,92,24.8013,7,23.7392,2,19.4067,206,47.4625,227,33.1308,133,15.5566,351,46.2972,287,38.1463,13,79.34,2,0.98,59,0.41,130,1.55,28,2.48,3,2.18,9,3.23,2,0.8718,308,34.64,105,0.2441,169,35.0738,109,60.0905,8,72.4,190,10.4128,117,0.1153,36,6.2684,69,59.1984,41,44.3605,81,30.4348,21,46.6229,23,71.6738,135,9.2308,163,0.0942,175,6.619,264,51.4286,159,45.6954,342,Cameron Indoor Stadium,Durham,NC
Arizona,1,2,Tommy Lloyd,32,2,2026,FALSE,127.676,5,90.0201,3,69.7911,54,0.0234,127,120.103,16,96.1136,5,71.3814,37,55.0508,41,15.1553,73,38.0702,9,42.871,23,45.0211,3,16.716,172,26.8786,30,27.7125,32,22.226,63,57.2892,10,20.4848,360,18.0419,279,50.0214,137,31.9367,156,79.01,8,1.52,31,2.32,20,0.71,80,1.72,17,1.46,43,2,23,1.5801,142,28.85,256,0.3583,94,36.036,57,55.4161,51,73.3935,156,10.7704,97,0.1093,79,6.7357,129,55.4379,103,26.8246,362,31.4394,46,43.7547,2,71.5254,127,8.3223,86,0.0842,68,5.7911,337,48.6811,85,37.2006,109,McKale Memorial Center,Tucson,AZ
Michigan,1,3,Dusty May,31,3,2026,FALSE,126.626,8,89.0343,1,70.9486,22,0.0448,70,121.135,11,97.2703,10,71.3221,39,58.0645,9,16.7178,179,35.3832,42,37.6833,114,44.7332,1,15.4855,254,27.6799,60,26.2645,16,19.5122,200,49.187,174,31.3008,186,18.062,278,47.2588,252,34.6791,69,78.66,28,2.36,9,3.01,8,1.71,17,0.79,82,0.81,90,0.11,174,2.1017,48,35.12,98,0.3131,120,36.0234,59,60.9572,4,74.7082,95,15.949,3,0.0797,303,7.7633,249,60.735,28,41.7889,138,30.1887,11,44.3381,4,75.0883,315,9.4039,179,0.0895,120,7.5168,143,46.7391,47,41.8097,268,Crisler Center,Ann Arbor,MI
Florida,1,4,Todd Golden,26,7,2026,FALSE,125.535,9,91.7424,6,70.5421,28,-0.036,289,119.759,18,99.5455,24,72.4625,17,53.5546,84,16.4767,161,43.1357,2,39.0772,82,46.2963,14,15.3894,262,24.8056,8,34.0247,151,20.5656,144,53.9804,49,25.4539,319,21.0859,105,51.0101,88,27.904,298,78.9,13,2.43,7,2.19,25,2.66,5,1.89,10,0.23,149,0.7,127,1.9351,65,24.63,330,0.4022,58,30.7985,324,57.9026,23,70.9639,236,12.4441,37,0.0924,192,7.3601,203,53.7402,139,37.1469,228,32.3572,84,45.1565,8,72.7141,206,7.191,20,0.0912,136,6.1474,318,44.4982,18,33.7284,28,Exactech Arena,Gainesville,FL
Houston,2,5,Kelvin Sampson,28,6,2026,FALSE,124.864,14,91.4372,5,63.2742,352,-0.0064,203,118.469,31,96.4922,6,64.8944,332,52.1211,141,13.0487,6,35.8382,30,26.9304,352,46.5896,17,21.0405,13,30.8547,196,39.0643,286,16.6222,328,49.1803,176,34.1975,108,22.6486,53,44.642,326,32.7094,125,77.85,100,0.41,123,1.23,59,-0.41,239,-0.99,300,0.56,110,2.04,22,1.8185,91,28.09,270,0.4338,44,34.9299,127,51.9324,170,77.1681,30,12.4046,40,0.1187,28,6.0051,38,52.8602,168,40.8008,152,32.0937,68,45.5153,10,69.8413,51,6.3607,7,0.0704,5,9.1657,16,53.5211,214,40.9245,238,Fertitta Center,Houston,TX
Iowa St.,2,6,T.J. Otzelberger,27,7,2026,FALSE,123.826,21,91.4031,4,66.5484,225,-0.0123,219,119.56,20,95.9883,4,68.1783,191,56.4697,20,15.0557,67,35.3199,45,33.9844,213,49.5166,84,22.3894,4,28.1139,72,27.8733,33,16.8285,317,50.0539,147,33.1176,134,16.7494,326,48.5779,202,34.6727,71,78.06,79,1.01,57,0.61,103,1.42,38,1.1,63,0.03,167,0.31,153,2.5602,11,28.31,265,0.5151,20,38.665,12,55.5024,49,67.2414,340,8.6385,219,0.1316,9,5.263,9,58.4247,52,38.7695,196,32.1205,69,50.5164,118,71.4836,122,9.5694,197,0.0979,227,9.2319,14,54.534,244,42.8034,291,Hilton Coliseum,Ames,IA
Purdue,2,8,Matt Painter,27,8,2026,FALSE,131.635,1,100.436,36,64.3693,324,-0.0057,198,124.697,2,107.369,143,65.2669,325,57.617,11,13.5207,15,36.3385,22,28.6055,336,52.2853,232,15.6142,247,26.3937,24,26.0171,13,15.5703,353,50.3149,138,34.1148,113,15.1935,353,47.4134,243,37.3931,19,77.75,118,1.85,17,3.1,6,0.59,110,-0.6,266,-0.33,221,-0.84,260,2.486,16,29.82,233,0.621,6,37.923,19,58.1245,20,74.2905,113,8.8504,208,0.0846,256,5.7136,26,66.7625,3,40.9265,148,34.1899,197,53.1022,243,72.0077,161,6.6289,12,0.0781,33,7.1529,188,57.545,308,44.9523,333,Mackey Arena,West Lafayette,IN
Connecticut,2,11,Dan Hurley,29,5,2026,FALSE,121.986,30,94.1163,11,64.4462,322,0.0552,55,116.349,50,97.6819,11,66.0567,293,55.341,34,16.8415,189,35.7143,33,29.99,311,45.6569,9,18.0349,98,28.6796,94,40.1737,301,16.2429,339,51.537,112,32.2201,158,24.0289,18,48.5998,201,27.3713,312,78.64,29,1.3,40,2.07,28,0.53,119,1.26,52,0.88,80,1.65,49,2.4131,22,30.84,200,0.5305,14,35.199,105,57.0588,33,71.5719,218,15.234,9,0.1034,113,8.0008,275,64.9688,7,40.321,164,30.2849,15,45.7872,12,71.8919,155,9.6639,209,0.0884,103,7.6914,123,48.5135,82,36.2106,85,Gampel Pavilion,Storrs,CT
Illinois,3,7,Brad Underwood,24,8,2026,FALSE,131.176,2,99.0756,28,65.5241,277,-0.0502,305,125.476,1,103.715,72,66.2363,285,55.0655,39,13.2427,10,38.7156,3,32.9133,239,47.6285,35,11.6164,365,26.9934,39,20.6028,1,19.0741,226,42.1481,343,38.7778,27,13.6974,365,50.3133,123,35.9893,38,79.99,1,2.9,3,3.9,2,1.9,15,2.43,4,2.56,3,2.35,14,1.6327,130,31.27,192,0.3879,70,34.6918,140,58.18,18,78.8668,6,12.5641,34,0.0558,365,5.0648,6,51.1983,211,50.7056,12,31.3817,44,48.0342,44,73.3813,243,8.4867,101,0.0818,48,6.0405,325,51.4458,161,42.1937,274,State Farm Center,Champaign,IL
Michigan St.,3,9,Tom Izzo,25,7,2026,FALSE,123.049,24,94.7386,13,66.0475,252,0.0047,178,117.217,42,101.382,40,66.801,253,53.6019,82,17.0885,213,38.4325,4,36.1793,150,48.5974,52,14.8131,302,22.6381,1,30.9131,81,20.4671,150,50.4355,137,29.0974,230,19.2782,216,43.0333,348,37.6884,15,78.74,22,1.69,22,1.27,56,2.11,11,1.46,31,1.05,63,0.99,98,1.3955,197,31.99,176,0.4171,51,35.9238,66,53.4396,108,76.2537,48,13.3401,20,0.0762,323,7.3833,207,67.0068,2,36.3927,240,32.8947,111,47.9633,43,75.089,316,8.1376,74,0.0971,218,7.1976,185,56.3003,290,45.9846,344,Breslin Center,East Lansing,MI
Gonzaga,3,10,Mark Few,30,3,2026,FALSE,121.99,29,93.8895,9,68.5871,111,0.0725,28,120.524,12,93.5734,1,70.4115,79,56.262,22,13.6792,16,34.8018,53,31.1185,281,46.1902,13,20.4974,17,25.8842,19,30.9511,83,16.1979,340,60.3062,3,23.4959,343,19.2837,215,45.4545,304,35.2617,48,78.02,83,0.15,154,0.23,145,0.07,171,1.44,34,1.04,65,0.48,142,2.7227,6,42.16,13,0.2482,167,33.9506,176,58.6565,17,69.8925,274,11.3912,68,0.1205,24,6.1321,52,56.701,74,30.9751,339,30.7692,31,46.2185,18,71.3073,114,5.9557,3,0.0755,18,8.4477,42,52.8629,202,43.7204,315,McCarthey Athletic Center,Spokane,WA
Virginia,3,13,Ryan Odom,29,5,2026,FALSE,122.516,27,95.8064,16,65.7342,271,0.0559,52,119.345,23,100.948,36,66.5116,272,54.6427,53,15.9778,136,37.8698,10,33.0578,237,45.3257,5,15.587,248,29.2213,124,33.0184,129,18.016,274,44.3472,302,37.6368,35,21.6251,89,48.3233,212,30.0516,232,78.21,66,1.79,19,2.44,17,1.13,47,1.07,64,0.85,82,-1.29,311,2.0135,58,34.78,103,0.0009,343,35.9457,63,55.2727,53,72.6471,180,17.5159,2,0.0951,176,6.4693,87,59.1387,42,46.5241,38,30.8609,32,44.7452,7,75.753,340,9.5455,192,0.0951,192,6.0785,321,50.0629,118,37.5435,118,John Paul Jones Arena,Charlottesville,VA
Nebraska,4,14,Fred Hoiberg,26,6,2026,FALSE,118.544,55,92.3865,7,66.7205,218,0.0342,98,113.845,74,97.7934,13,67.2763,232,55.4406,30,14.3808,36,26.2617,314,27.1762,350,47.8016,38,19.1744,44,27.6577,56,24.8257,6,15.5277,354,43.5908,317,40.8815,12,15.8565,347,45.21,315,38.9335,6,77.76,115,0.63,94,0.44,120,0.81,71,1.42,37,0.01,171,-0.7,235,2.3555,25,25.47,322,0.2529,165,35.251,103,58.0819,21,75,84,8.6681,216,0.1069,91,6.9599,157,65.5251,6,50.7431,11,29.9238,7,50.6343,124,72.5702,194,9.1595,158,0.0742,17,8.481,39,60.4775,341,49.2761,361,Pinnacle Bank Arena,Lincoln,NE
Arkansas,4,15,John Calipari,26,8,2026,FALSE,127.658,6,101.605,48,70.9979,20,0.051,61,122.567,3,109.1,200,72.4168,19,56.4849,19,12.2957,1,32.2165,118,36.3886,144,51.3569,182,15.7,240,31.2349,212,31.3247,88,19.3918,207,52.845,70,27.7632,268,17.9949,281,53.0297,41,28.9754,272,78.51,34,1.1,50,0.44,120,1.75,16,0.47,120,1.14,59,1.92,28,1.5896,140,26.97,292,0.3656,91,38.8736,8,55.5708,47,74.6851,97,12.9368,25,0.0989,140,5.5671,14,52.8873,167,33.3639,311,31.725,56,53.6803,260,71.953,159,6.6713,14,0.0673,3,5.8074,336,49.6447,105,38.1325,138,Bud Walton Arena,Fayetteville,AR
Alabama,4,18,Nate Oats,23,9,2026,FALSE,129.004,3,103.284,67,73.087,4,0.0193,130,121.979,5,111.035,245,74.6151,5,55.3843,31,13.0135,4,31.8404,132,37.1917,127,49.1837,76,12.6393,362,32.7663,293,32.6531,117,20.4429,151,38.1601,363,41.3969,11,18.7945,241,52.1153,62,29.0902,270,78.17,69,1.32,39,1.46,43,1.17,44,0.5,117,0.43,134,0.47,143,2.0322,54,33.79,126,0.3037,125,35.809,71,57.3183,27,76.5306,42,11.3128,73,0.0856,248,4.4903,2,53.4715,147,53.6528,1,33.5058,156,48.6034,55,69.7222,46,12.0778,343,0.0852,75,4.0745,365,46.7016,45,35.0567,51,Coleman Coliseum,Tuscaloosa,AL
Kansas,4,21,Bill Self,23,10,2026,FALSE,118.33,57,93.8906,10,67.6362,164,0.0534,57,109.793,142,100.811,34,68.2177,190,51.5657,172,15.5128,104,29.4793,223,32.5975,247,45.2347,4,13.9704,337,30.14,168,27.682,31,19.5112,201,51.2821,120,29.2067,228,17.5109,298,47.2489,253,35.2402,50,78.72,24,1.13,49,1.11,63,1.14,46,0.94,73,1.24,52,2.34,15,1.7583,103,26.71,297,0.0846,292,34.964,123,51.0774,211,76.6929,39,15.6069,6,0.0798,302,5.9495,37,53.3409,150,35.6776,258,30.6727,27,44.6738,6,69.3772,30,8.3001,82,0.0956,204,5.9936,328,48.0247,69,42.0019,271,Allen Fieldhouse,Lawrence,KS
Vanderbilt,5,12,Mark Byington,26,8,2026,FALSE,126.805,7,99.2995,31,68.8493,98,0.0178,133,121.231,9,105.883,109,70.7876,62,55.2758,36,13.3204,11,31.1911,159,38.1775,101,48.7701,58,17.898,105,31.5617,231,40.9639,312,21.4918,92,45.5041,278,33.0041,136,24.0125,21,47.4775,240,28.51,282,77.17,211,-0.62,255,-0.95,277,-0.29,213,1.45,33,-0.13,193,-1.05,285,2.446,18,30.1,222,0.3546,95,35.5336,86,56.8027,36,79.2714,4,12.6112,33,0.1142,45,6.1035,47,56.2059,84,43.5971,100,32.1854,73,49.0703,68,75.2451,325,7.1429,18,0.0722,9,6.4746,279,46.5882,43,37.9016,125,Memorial Gym,Nashville,TN
St. John's,5,17,Rick Pitino,28,6,2026,FALSE,120.068,44,94.1597,12,69.5583,68,0.0612,44,114.263,69,98.5594,19,70.9942,54,51.0033,193,14.7338,53,35.9451,28,41.9016,37,47.358,28,19.3974,37,30.2008,171,31.7531,97,23.0076,44,51.5687,111,25.4237,320,19.3779,209,53.636,29,26.9861,320,78.24,61,0.22,144,-0.02,178,0.45,126,0.71,88,1.56,26,1.63,52,2.2515,34,31.22,193,0.2328,175,33.239,216,51.5873,190,72.748,178,12.3696,43,0.111,63,6.0256,39,58.2105,54,33.7793,299,31.3324,42,47.541,39,71.6952,136,9.5238,189,0.0871,91,8.2955,50,47.1831,55,33.7284,28,Carnesecca Arena,Jamaica,NY
Texas Tech,5,20,Grant McCasland,22,10,2026,FALSE,125.05,12,99.8259,33,66.185,243,0.0065,175,117.793,39,106.797,131,67.9599,203,56.1956,23,15.8531,122,33.2732,84,27.0865,351,49.4283,82,14.7077,309,30.0946,165,31.6008,96,14.691,362,42.2853,338,43.0237,3,18.1583,274,54.475,17,27.3666,313,77.07,234,-0.7,272,-0.07,182,-1.33,333,-0.34,227,-0.04,179,0.27,157,2.1019,47,19.42,357,0.2671,157,39.339,5,53.5961,99,71.4556,226,9.52,163,0.0848,253,7.0102,164,55.5312,101,48.0287,25,31.454,47,50.64,125,69.4079,33,7.2906,22,0.0884,105,6.2313,308,41.5385,6,35.0312,50,United Supermarkets Arena,Lubbock,TX
Wisconsin,5,22,Greg Gard,24,10,2026,FALSE,125.348,11,101.954,51,68.7128,104,0.0411,82,118.938,28,108.596,181,68.9386,152,54.4634,58,12.7961,3,29.4167,225,31.9088,260,51.3304,179,14.4798,323,28.1749,75,30.479,71,18.7101,247,38.7668,360,42.523,4,17.7838,291,50.1356,130,32.0806,150,78.84,16,2.08,13,2.12,26,2.05,13,0.28,140,0.95,76,1.99,24,2.3548,26,30.93,196,0.3243,111,36.1011,53,54.8096,63,78.5714,12,8.4883,231,0.0812,288,6.2718,70,57.339,65,52.6116,6,33.253,138,52.304,210,72.8571,213,12.5251,349,0.0652,1,6.356,293,50.5959,130,40.1548,209,Kohl Center,Madison,WI
Tennessee,6,16,Rick Barnes,22,11,2026,FALSE,121.055,37,95.0297,15,64.973,307,-0.0602,321,116.972,46,102.327,50,67.3064,230,51.5617,173,17.1461,215,45.0596,1,38.7209,87,47.7033,36,16.2999,204,27.9012,64,36.2196,214,20.6712,136,54.8436,37,24.4851,333,21.0572,110,45.2599,313,33.6828,93,78.44,39,1.86,16,1.44,45,2.28,7,1.69,19,0.17,155,-0.21,199,1.6111,136,34.95,99,0.1677,224,33.4375,202,52.215,163,69.3982,289,11.301,75,0.1104,68,6.6358,112,59.6999,37,31.7303,331,30.5589,23,49.1928,71,70.2624,61,9.3682,173,0.1051,284,5.2552,359,45.4194,24,44.4034,328,Thompson Boling Arena,Knoxville,TN
Louisville,6,19,Pat Kelsey,23,10,2026,FALSE,124.053,19,98.6289,25,69.6486,62,-0.0203,239,119.143,25,102.053,46,70.9731,55,56.4484,21,16.3955,159,32.8647,95,33.4821,227,48.7525,56,16.6943,173,26.8791,31,33.4012,138,18.5556,253,40.6149,352,40.758,13,19.6054,195,48.7825,192,31.6121,171,78.39,43,1.23,44,1.59,39,0.87,67,-0.36,244,0.56,110,2.45,11,2.4808,17,34.85,102,0.2259,183,35.6808,76,59.7266,9,76.8889,34,9.1973,180,0.0969,156,7.173,180,59.4937,38,52.8274,4,32.6823,101,48.5786,54,71.189,109,12.408,347,0.0922,147,7.0022,208,48.3173,77,39.1039,172,KFC Yum! Center,Louisville,KY
BYU,6,23,Kevin Young,23,11,2026,FALSE,125.46,10,102.214,57,69.9244,46,-0.0175,232,118.624,30,106.691,129,70.4428,78,54.6528,51,15.3482,90,34.5649,59,34.1521,206,51.1762,173,16.4713,187,29.2937,127,28.9006,43,18.8924,238,50.1928,141,30.9148,198,16.7513,325,49.5119,161,33.7368,92,78.33,47,0.69,86,-0.08,183,1.46,34,1.57,27,1.75,19,0.12,173,1.6107,137,28.18,267,0.2788,148,34.8754,129,56.2009,42,74.5505,100,11.9179,52,0.1019,123,6.4471,85,45.4455,327,39.8205,173,35.2941,263,50.0395,106,71.2625,112,7.9278,58,0.089,110,6.2807,304,54.3384,235,39.1743,173,Marriott Center,Provo,UT
North Carolina,6,29,Hubert Davis,24,8,2026,FALSE,121.387,32,100.545,37,67.9079,143,0.0573,49,115.736,54,104.018,77,68.7852,161,54.5646,56,14.0383,24,31.3922,150,37.4142,121,48.1674,43,13.6294,344,28.1121,70,23.8237,3,18.9973,234,48.5703,194,32.4324,155,14.7677,358,51.4461,79,33.7862,87,79.15,6,2.32,10,1.92,33,2.71,4,1.43,36,1.51,40,1.33,71,1.2923,220,36.31,66,0.1232,263,34.4569,153,56.6728,37,68.4062,316,8.641,218,0.0777,317,5.6789,22,57.0312,71,42.2691,131,34.4504,216,46.1115,14,70.0624,54,8.958,144,0.0836,63,5.8606,333,48.1043,71,36.949,102,Dean E. Smith Center,Chapel Hill,NC
Saint Mary's,7,24,Randy Bennett,27,5,2026,FALSE,120.26,43,97.1899,19,65.1588,297,0.0107,155,117.183,43,98.3255,17,66.3613,282,53.0039,108,16.4787,162,37.4136,15,35.8787,160,46.6814,18,15.1662,273,23.9823,4,25.719,12,21.5295,90,47.5478,223,30.9227,197,16.6008,328,52.5692,49,30.83,197,78.9,12,2.58,5,4.61,1,0.55,117,0.77,84,-0.05,181,1.79,33,0.7433,336,25.26,326,0.3104,121,38.5692,13,50.2636,247,81.0642,1,9.7113,156,0.0826,274,8.4095,320,58.0488,55,36.1033,246,31.2782,41,46.5442,20,72.2581,176,8.9631,145,0.0807,41,6.9026,225,52.7027,196,36.781,94,University Credit Union Pavilion,Moraga,CA
UCLA,7,27,Mick Cronin,23,11,2026,FALSE,123.728,22,102.061,53,64.6449,318,0.017,136,117.078,45,107.182,138,65.6763,310,53.9314,71,13.3699,12,31.1009,163,33.0645,236,50.4471,130,18.1069,94,32.4132,279,34.666,169,19.0314,228,50.0946,145,30.874,199,20.5468,137,45.8989,293,33.5543,98,78,87,0.88,65,0.65,98,1.12,50,0.19,151,0.24,147,0.97,101,2.5294,14,32.28,168,0.3982,64,38.2022,16,52.044,167,76.6768,41,9.4107,169,0.0987,142,6.1094,48,59.4218,40,35.8871,255,31.8021,57,52.6616,222,75.2656,328,8.0975,68,0.0726,10,8.2344,57,63.3495,359,44.6607,330,Pauley Pavilion,Los Angeles,CA
Kentucky,7,28,Mark Pope,21,13,2026,FALSE,120.516,39,99.0324,27,68.34,124,-0.0188,235,115.821,53,105.843,107,69.7956,100,53.1113,102,15.0439,66,33.777,75,37.4818,117,48.7841,59,15.8867,229,30.0885,164,36.9727,233,20.4297,154,49.5266,161,30.0437,220,21.6733,87,48.2072,217,30.1195,229,78.79,18,1.48,32,1.95,31,1.02,57,-0.14,203,1.56,26,2.72,9,1.4895,168,34.13,119,0.3009,129,34.1191,167,54.3565,80,72.7626,177,12.3153,44,0.1011,128,5.5625,13,56.8586,72,39.1833,187,31.6186,51,49.6716,88,73.0201,225,8.713,124,0.0948,189,5.7732,339,55.1925,259,39.5533,188,Rupp Arena,Lexington,KY
Miami FL,7,31,Jai Lucas,25,8,2026,FALSE,121.357,33,100.677,38,67.5506,169,0.0205,129,117.957,38,103.133,65,69.3367,128,55.6203,29,16.1705,150,36.9625,17,37.4684,119,51.7396,199,18.3557,82,26.2923,21,29.0459,47,18.75,245,57.1746,11,24.0754,339,16.3474,337,48.4461,206,35.1213,54,78.41,40,1.09,52,0.95,75,1.22,43,0.55,112,0.59,102,1.93,27,1.7577,104,27.58,284,0,347,34.72,137,57.2593,29,68.5135,311,9.9911,139,0.1136,46,6.5119,91,53.5354,146,31.6456,332,35.4381,273,50.7583,128,69.6915,44,10.2222,255,0.0966,210,6.9927,210,54.2654,234,40.9067,237,Watsco Center,Coral Gables,FL
Ohio St.,8,26,Jake Diebler,21,12,2026,FALSE,124.305,17,102.066,54,66.0578,251,-0.0314,272,118.264,34,108.263,171,66.5802,263,56.5135,18,15.4854,100,30.6921,176,37.7838,110,50.3696,123,15.7555,237,29.9556,156,35.1109,178,20.5849,142,48.9935,183,30.4216,212,20.5662,135,49.209,173,30.2248,225,77.86,98,1.39,35,2.44,18,0.34,135,0.21,149,-1.33,329,0.79,110,2.157,40,25.32,325,0.4913,24,36.0324,58,58.1605,19,77.5393,21,6.8323,317,0.0707,346,7.3826,206,51.4254,203,40.0541,169,31.5515,50,52.4401,217,74.2857,281,8.8368,139,0.081,43,8.688,29,53.4214,212,40.4963,222,Value City Arena,Columbus,OH
Georgia,8,32,Mike White,22,10,2026,FALSE,124.681,16,104.202,80,71.378,16,-0.0052,196,120.483,13,106.89,135,73.479,9,54.6018,55,14.2926,32,35.1602,48,36.9576,134,50.1449,111,18.4421,77,34.8178,336,30.7729,79,20.3201,157,46.9033,239,32.7766,144,18.0418,280,50.9278,93,31.0304,189,77.4,172,1.09,51,0.5,115,1.67,21,0.43,122,-0.91,291,-1.5,316,1.8838,76,39.72,26,0.3135,117,34.0934,170,57.3129,28,75.3548,67,15.0812,10,0.1123,57,4.9458,5,48.3806,279,43.9199,89,33.7194,169,49.884,99,71.7425,139,9.6088,202,0.0935,168,7.2092,183,47.2988,57,37.5362,117,Stegeman Coliseum,Athens,GA
Villanova,8,33,Kevin Willard,24,8,2026,FALSE,120.369,41,100.4,35,65.1979,296,0.067,35,115.085,61,105.085,95,66.4864,276,53.7134,76,15.1083,70,32.4253,109,31.2761,277,51.2793,177,18.7343,61,31.7844,244,28.9058,44,16.8084,319,45.7675,272,37.4241,39,16.8212,322,52.7152,45,30.4636,219,77.57,142,0.31,137,0.63,102,-0.02,184,-0.6,265,-0.04,180,1.03,92,1.872,78,28.59,259,0.1284,259,35.2806,100,54.3792,79,69.398,290,6.0397,341,0.1106,65,7.4844,223,56.8156,73,45.659,53,33.9233,179,51.5099,170,71.7514,142,7.5072,32,0.0762,24,7.6704,126,53.688,217,36.908,101,Finneran Pavilion,Villanova,PA
Clemson,8,36,Brad Brownell,24,10,2026,FALSE,116.522,71,97.2852,20,64.21,333,0.0107,156,112.289,99,101.106,37,65.4573,318,52.6219,119,14.2237,29,28.1528,261,37.1264,131,48.9195,66,17.4786,124,25.6993,16,33.1172,134,20.3887,155,46.4102,255,33.2011,131,20.1851,156,45.5707,300,34.2442,76,77.78,111,1.03,54,0.44,120,1.61,23,-0.09,195,-0.33,218,0.43,146,2.347,28,37.89,46,0.0974,280,34.1076,169,53.719,94,72.5989,182,9.0909,191,0.0954,170,5.7965,33,50.2315,236,42.8946,117,32.5786,92,48.9583,64,74.7145,302,10.2847,262,0.0843,71,7.9367,85,46.3918,40,42.9498,295,Littlejohn Coliseum,Clemson,SC
Iowa,9,25,Ben McCollum,21,12,2026,FALSE,121.742,31,99.2974,30,63.0052,357,-0.0615,328,118.167,35,103.891,74,63.3898,363,56.556,16,15.2371,80,30.0931,195,34.4963,199,52.6769,252,20.9986,14,28.0423,68,39.1385,289,19.0169,230,49.0733,179,31.9097,168,21.3597,99,49.1502,175,29.4901,258,78.49,37,0.39,127,0.17,152,0.61,107,1.22,58,0.81,89,2.79,6,1.4472,180,32.24,169,0.0221,326,35.5316,87,58.8975,16,76.9984,33,6.6802,323,0.1119,59,7.2376,186,57.9611,58,41.812,137,33.595,163,54.1498,282,73.1132,227,8.3172,85,0.08,39,9.8089,3,51.0013,144,39.2,176,Carver Hawkeye Arena,Iowa City,IA
Utah St.,9,30,Jerrod Calhoun,28,6,2026,FALSE,122.132,28,101.374,45,67.6962,158,0.0648,39,119.573,19,103.377,68,68.3248,185,56.5989,14,15.3756,91,33.1492,89,38.7063,88,49.5904,85,20.5892,16,32.2183,267,38.8859,280,19.4362,204,50,149,30.4896,211,22.3268,71,45.0813,316,32.592,130,77.68,127,0.61,97,-0.21,198,1.42,36,-0.79,279,0.56,110,0.59,135,2.4342,19,36.02,72,0.4011,59,35.0832,108,59.331,11,70.6199,250,8.78,209,0.1264,15,7.1576,178,59.8101,36,40.7407,153,33.9119,178,48.7061,57,73.3146,240,9.9472,236,0.0822,51,7.9529,83,49.5519,104,40.9066,236,Dee Glen Smith Spectrum,Logan,UT
Saint Louis,9,41,Josh Schertz,28,5,2026,FALSE,119.475,51,101.154,42,70.9898,21,0.03,110,120.307,15,98.7372,20,71.9297,26,59.7478,3,17.4215,230,31.1459,161,34.6821,195,44.7599,2,16.1182,219,26.9891,38,37.1709,242,17.7577,282,44.4846,296,37.7577,32,23.3083,32,44.582,328,32.1097,148,77.54,150,-0.24,209,0.13,159,-0.6,264,0.18,153,1.15,58,0.01,187,2.2809,31,36.59,58,0.2368,173,40.5122,2,58.908,15,74.3939,104,9.3722,173,0.0982,146,7.125,173,60.2285,30,45.1393,64,30.0248,8,44.5623,5,73.1944,232,10.728,287,0.103,270,6.2996,302,51.6086,163,41.6107,262,Chaifetz Arena,St. Louis,MO
TCU,9,43,Jamie Dixon,22,11,2026,FALSE,115.379,81,97.7924,22,67.6696,159,0.0039,179,110.922,124,101.96,44,69.666,108,50.9,201,15.525,105,34.396,63,38.7,89,51.0156,164,19.6535,31,29.1139,115,30.3646,67,21.2074,105,50.4644,136,28.3282,249,17.6198,295,51.2195,84,31.1606,184,76.43,322,-1.16,324,-1.97,350,-0.36,234,0.27,141,-1.44,336,-1.21,300,1.7789,101,27.53,286,0.2196,191,33.1072,223,51.6231,187,70.801,243,12.6263,32,0.1092,80,6.7089,123,57.5893,63,36.85,233,33.7432,170,51.2626,154,71.8696,153,9.8179,227,0.0882,98,8.7301,27,60.9813,347,38.125,137,Schollmaier Arena,Fort Worth,TX
Santa Clara,10,35,Herb Sendek,26,8,2026,FALSE,123.644,23,104.246,82,69.1516,82,0.0155,142,118.969,27,105.062,94,69.572,115,54.6222,54,15.6367,113,36.7121,19,25.7626,359,51.7769,202,20.0795,22,32.2907,272,38.327,267,14.85,361,48.5004,198,36.6496,58,21.4108,95,49.9585,140,28.6307,279,78.51,33,1.4,34,1.33,54,1.48,33,1.82,13,0.84,88,0.27,159,0.9189,302,35.78,79,0.2958,131,34.8643,130,56.5217,39,73.9526,138,10.5217,113,0.1259,17,6.4028,82,54.9649,114,44.9554,68,32.9513,117,53.2272,244,73.6091,254,8.3547,93,0.0923,150,7.4917,146,60.4567,340,38.1629,141,Leavey Center,Santa Clara,CA
Texas A&M,10,39,Bucky McMillan,21,11,2026,FALSE,119.69,49,101.022,41,70.4548,29,-0.0022,192,118.073,36,107.705,156,72.6275,15,54.1889,63,14.5668,45,32.2607,116,37.385,124,50.7549,143,18.2717,86,32.5062,284,35.5813,197,20.2708,161,42.7503,334,36.979,50,20.7777,123,48.4682,204,30.7541,203,77.21,203,0.29,138,0.82,84,-0.24,207,-0.24,213,-0.61,263,-0.5,224,2.6215,8,40.9,19,0.006,339,36.1925,47,54.1028,84,73.7047,148,8.8564,207,0.109,82,5.6415,19,61.3108,23,46.2954,42,31.6748,54,53.0525,240,74.8232,308,11.4518,327,0.0893,113,7.3676,168,56.1503,287,41.4696,255,Reed Arena,College Station,TX
Missouri,10,52,Dennis Gates,20,12,2026,FALSE,119.491,50,104.099,78,66.1629,244,0.0409,83,115.474,58,109.757,213,68.3597,180,55.3483,33,17.9642,268,35.5024,38,42.4575,28,51.4454,185,16.5579,183,31.3673,220,35.0642,176,20.8317,126,52.0989,95,27.0694,284,20.282,150,43.1356,346,36.5823,28,79.28,3,2.41,8,2.7,11,2.12,10,2.31,5,0.56,110,1.87,29,2.1976,37,35.52,88,0.4213,48,35.0076,118,56.9468,34,68.6047,309,10.4421,116,0.0966,159,8.4377,321,50.5593,230,36.0395,248,36.5217,330,48.9182,63,74.6565,300,9.777,221,0.0953,198,6.8953,228,51.8428,168,43.0942,297,Mizzou Arena,Columbia,MO
UCF,10,54,Johnny Dawkins,21,11,2026,FALSE,120.452,40,105.413,101,69.2088,78,0.097,17,113.618,79,110.327,229,70.6277,71,52.826,112,15.7136,118,34.4049,62,30.8379,286,52.3723,235,15.8014,236,28.5329,88,35.245,183,17.7538,283,53.1841,61,29.0621,232,19.992,172,49.0641,179,30.9438,193,78.64,30,1.67,24,2.24,23,1.11,52,0.36,127,1.56,26,1.1,82,2.3453,29,31.47,188,0.0004,345,36.1671,48,52.0786,165,73.955,137,8.2973,245,0.0794,305,7.374,204,53.617,141,34.4075,286,34.0342,187,53.2411,245,74.2604,277,8.9947,148,0.0834,61,7.8568,98,51.3143,152,39.6767,195,Addition Financial Arena,Orlando,FL
N.C. State,11,34,Will Wade,20,13,2026,FALSE,124.052,20,104.456,86,69.0586,86,-0.0288,261,119.042,26,108.896,193,69.5893,114,55.334,35,13.1428,9,28.4588,251,35.1944,173,53.0485,269,18.1845,91,30.3082,176,36.5294,226,19.6235,190,43.2295,325,37.147,46,19.3663,211,43.802,338,36.8317,24,77.91,94,-0.7,273,-0.24,199,-1.17,315,0.66,94,1.98,14,1.47,59,2.1851,38,29.54,242,0.0339,317,38.8195,10,53.0667,128,76.7705,37,10.5815,108,0.1146,41,5.8173,34,54.8456,118,43.9182,90,35.6322,287,52.7169,226,69.7575,49,9.3333,168,0.0733,13,6.7222,251,49.3627,102,45.3361,336,Lenovo Center,Raleigh,NC
Texas,11,37,Sean Miller,18,14,2026,FALSE,124.97,13,105.937,112,66.8781,206,-0.0829,345,119.47,22,111.221,250,68.5655,170,54.2202,61,15.3036,86,35.6657,35,46.171,4,51.1686,171,13.3906,346,26.9231,37,40.6789,307,24.2779,20,49.2584,170,26.4637,298,22.7311,49,50.1681,127,27.1008,318,78.11,75,1.02,55,1.34,53,0.7,97,0.77,85,0.57,106,0.35,151,2.7426,4,30.84,199,0.309,123,34.9304,126,55.2539,55,75.3027,71,7.4229,295,0.0807,293,6.1121,49,43.0572,349,36.1655,245,35.9532,299,49.7915,94,74.0082,269,10.5079,273,0.0919,143,5.3189,357,45.6897,28,33.2777,24,Moody Center,Austin,TX
SMU,11,42,Andy Enfield,20,13,2026,FALSE,122.893,26,104.808,91,68.5372,115,-0.0432,297,118.065,37,109.575,210,70.6859,67,55.746,27,15.8661,125,35.4021,40,30.6132,293,51.4251,184,17.1422,143,31.5102,228,32.0393,101,16.9126,315,52.9687,66,30.1187,218,18.2741,264,43.6548,339,38.0711,14,77.95,91,1.69,23,3.34,5,0.03,176,-0.11,200,0.44,132,-0.78,253,2.7402,5,23.96,336,0.3683,85,37.4497,24,55.5053,48,74.1325,122,11.2558,77,0.0995,136,6.423,84,55.0739,111,35.973,250,33.8542,174,52,198,71.7791,145,7.6169,36,0.0944,183,7.1887,186,60.6335,342,47.1744,354,Moody Coliseum,Dallas,TX
VCU,11,45,Phil Martelli Jr.,27,7,2026,FALSE,119.872,46,102.666,60,68.5071,116,-0.0072,207,117.774,40,103.176,66,69.3654,124,54.078,67,15.1796,74,32.3129,114,43.7183,15,48.8523,62,17.2149,137,29.9111,154,33.0838,132,23.0076,44,42.6974,335,34.295,103,19.4239,205,52.1811,59,28.3951,285,77.85,102,0.83,71,0.95,73,0.71,80,0.69,90,0.12,157,-0.06,192,1.6186,134,35.86,76,0.1528,237,36.6898,35,53.3333,116,73.9282,139,11.3063,74,0.1064,94,6.1482,54,52.6953,171,43.769,95,33.0935,131,48.4339,50,71.1916,110,8.9189,143,0.0903,125,6.5722,272,50.2315,124,34.6806,44,Siegel Center,Richmond,VA
South Florida,11,47,Bryan Hodgson,25,8,2026,FALSE,117.305,61,100.918,40,71.5099,15,-0.0258,253,117.107,44,102.155,49,72.9091,12,50.9035,200,15.2125,76,38.172,7,41.1317,49,48.3511,47,18.8685,56,31.8325,248,38.8128,278,23.0963,41,44.0374,309,32.8664,139,21.9492,75,45.6183,299,32.4324,136,77.06,235,-0.66,260,0.12,160,-1.44,338,-0.34,227,-0.49,251,0.6,133,1.5629,147,27.73,279,0.1082,272,33.1162,222,51.8613,178,74.3353,110,10.8969,92,0.1189,27,6.5557,98,58.8235,47,43.7946,93,33.9332,180,46.689,25,70.0654,55,13.1134,357,0.0866,85,6.9759,214,51.1571,149,39.4723,184,Yuengling Center,Tampa,FL
Miami OH,11,93,Travis Steele,31,1,2026,FALSE,116.779,70,108.522,156,69.947,44,0.0993,15,119.995,17,104.985,92,71.2663,42,59.1603,6,14.455,40,25.3247,332,40.2231,58,50.8436,147,17.4506,125,28.1132,71,30.8774,80,20.3242,156,45.8679,268,33.8078,120,18.3379,262,52.3939,53,29.2683,266,77.51,153,-0.23,208,-0.95,280,0.5,121,0.36,128,0.57,109,0.27,158,1.9583,62,26.45,303,0.5982,7,37.5,22,61.5058,2,75.0365,83,8.0961,253,0.0975,154,5.7535,30,50.9827,218,44.6271,77,33.0275,124,51.6014,176,73.9526,265,7.8473,51,0.087,90,7.703,119,46.608,44,36.7829,95,Millett Hall,Oxford,OH
Akron,12,64,John Groce,29,5,2026,FALSE,118.82,54,106.022,113,70.2733,32,0.0179,132,121.92,6,104.561,84,71.223,44,58.4623,8,15.5322,106,33.5222,79,29.0564,330,50.5676,134,18.3403,83,29.857,152,30.289,64,15.7554,350,46.6906,243,37.554,36,17.7852,290,45.2181,314,36.9966,23,75.93,350,-1.39,334,-1.49,322,-1.29,321,-1.13,307,-2.07,358,-1.21,300,1.6573,122,29.22,250,0.5218,19,38.4956,14,59.0537,12,75.2577,73,8.3636,240,0.1018,125,6.7131,127,57.3721,64,45.1323,65,35.0835,253,49,65,72.2317,172,8.0983,69,0.0882,99,8.161,63,50.6603,132,43.2405,304,Rhodes Arena,Akron,OH
McNeese,12,68,Bill Armstrong,28,5,2026,FALSE,114.264,91,101.787,49,66.1517,246,0.0843,21,114.794,64,99.8257,27,66.4824,277,50.9573,196,14.2979,33,35.0277,49,38.3479,96,48.948,69,24.6135,1,34.9664,339,42.1411,325,21.7884,80,52.6448,75,25.5668,318,23.8691,24,40.616,360,35.5149,43,77.09,229,-0.67,261,0.02,174,-1.36,335,-0.82,282,0.27,143,0.5,140,1.8782,77,37.22,49,0.2388,171,31.6199,299,52.8668,137,74.0371,129,15.814,4,0.1531,1,7.5808,232,49.1566,261,35.1203,272,32.5397,90,49.0698,67,72.8341,210,6.6611,13,0.0672,2,9.308,11,57.1856,301,46.7822,350,Townsley Law Arena,Lake Charles,LA
Northern Iowa,12,72,Ben Jacobson,23,12,2026,FALSE,110.001,153,98.1918,24,62.2651,363,-0.07,334,108.087,183,97.1395,9,63.4121,362,54.1667,65,14.55,44,22.0339,356,25.6989,361,47.2085,23,18.1414,93,26.3112,23,29.3377,52,14.1823,363,52.9813,64,32.8365,141,18.2464,266,50.6161,107,31.1374,186,77.56,144,-0.69,265,-1.3,312,-0.07,189,-0.03,184,0.7,94,1.68,46,1.943,64,26.97,291,0.6461,3,34.9185,128,55.3381,52,69.6653,278,9.8223,150,0.0972,155,5.6174,17,57.1104,69,39.5699,178,28.8918,3,49.9532,101,71.8284,150,8.0961,67,0.0893,115,8.4261,44,49.2696,98,41.4888,257,McLeod Center,Cedar Falls,IA
High Point,12,92,Flynn Clayman,30,4,2026,FALSE,117.048,66,108.644,161,69.8932,49,0.0479,64,121.19,10,100.316,31,70.9313,56,54.718,48,13.0399,5,32.0721,122,42.9099,22,50.0565,105,21.9287,5,31.656,236,36.3842,224,22.5373,57,46.1194,266,31.3433,183,20.3953,144,48.0683,220,31.5364,174,76.32,329,-0.74,281,-1.1,290,-0.37,235,-0.07,191,-1.12,307,-2.58,348,2.2319,36,35.47,89,0.1265,260,34.398,156,57.0637,32,74.2015,116,10.9932,89,0.1453,2,6.1815,58,52.6726,173,42.9099,115,31.9236,64,51.5911,175,70.4969,71,10.434,269,0.0686,4,7.3998,163,51.8856,170,41.4124,254,Qubein Center,High Point,NC
Hofstra,13,87,Speedy Claxton,24,10,2026,FALSE,114.57,89,105.077,95,64.6955,317,-0.0518,308,113.585,81,102.767,59,65.3266,323,51.4722,177,16.1501,149,34.8837,51,32.4946,250,45.883,10,15.0101,289,30.5394,184,35.3738,189,19.3372,209,43.2886,324,37.3742,40,21.6466,88,44.7734,322,33.58,96,77.38,175,0.79,74,1.35,51,0.23,151,-0.8,280,-0.44,234,-0.28,213,1.5325,155,26.27,306,0.3859,71,36.8486,29,48.5876,295,75.9473,54,10.4015,118,0.0727,337,8.4551,323,48.4625,277,43.1478,106,32.2667,78,44.1606,3,71.6692,134,10.6403,281,0.077,26,7.7426,110,55.2342,261,40.6284,226,Mack Sports Complex,Hempstead,NY
Cal Baptist,13,106,Rick Croy,25,8,2026,FALSE,107.926,191,101.933,50,65.8019,265,0.0913,19,106.986,208,99.1084,22,67.4426,223,48.5948,302,18.1253,278,37.82,11,36.1267,153,46.4094,15,17.1479,140,27.242,45,37.1383,239,21.0788,113,52.5311,80,26.39,300,22.3318,70,53.991,25,23.6771,359,76.52,312,1.24,41,1.94,32,0.55,118,-1.78,349,-1.94,353,-3.01,358,1.4137,193,31.75,182,0.3134,119,33.7043,189,47.6657,318,71.8529,213,7.4568,294,0.0804,296,8.1297,287,40.355,361,32.141,328,29.7297,6,47.2527,34,71.8615,152,9.6386,204,0.1,240,9.1071,17,46.0154,32,31.7256,8,Fowler Events Center,Riverside,CA
Hawaii,13,108,Eran Ganot,24,8,2026,FALSE,107.129,211,101.163,43,69.6586,61,0.0379,92,108.304,177,96.5759,7,72.2838,22,51.9759,150,18.9372,317,31.401,148,42.4399,29,46.4206,16,16.9245,162,24.9107,10,36.0738,209,23.1583,38,49.0262,182,27.8154,266,21.2897,102,53.3902,31,25.3201,346,78.69,26,1.21,45,1.32,55,1.1,53,1.87,11,0.57,107,1.79,33,1.7535,106,32.79,152,0.2764,149,31.6017,300,54.9858,62,73.8192,141,10.0166,135,0.0901,213,8.2336,299,49.8747,241,39.6907,177,30.6897,29,46.606,22,69.6124,39,8.547,108,0.107,302,7.9134,88,38.3266,3,32.4385,15,Stan Sheriff Center,Honolulu,HI
Troy,13,143,Scott Cross,22,11,2026,FALSE,110.717,141,108.997,166,64.8776,309,0.024,125,112.198,102,106.434,120,67.0265,245,51.8827,152,16.9878,202,34.7709,55,36.3098,147,50.0798,108,16.8955,164,31.6344,234,32.1448,105,20.5192,147,44.7466,290,34.7342,92,18.4929,252,52.1438,60,29.3634,263,77.4,173,0.05,172,-0.56,232,0.65,102,0.99,68,-0.85,285,-0.07,193,1.2815,223,24.13,335,0.4431,37,33.1759,219,53.6561,96,73.7778,145,9.0674,193,0.1039,107,7.2937,192,57.0388,70,45.5621,54,31.3454,43,51.9862,197,70.6954,80,10.8696,296,0.0969,214,6.5089,276,49.2754,99,38.3715,148,Trojan Arena,Troy,AL
North Dakota St.,14,113,Dave Richman,27,7,2026,FALSE,111.74,124,106.606,124,66.2972,237,0.0395,89,114.563,67,102.597,54,68.0273,198,53.3596,85,15.6016,109,33.5747,77,30.6562,289,51.5367,191,18.7313,62,25.7282,17,29.1406,48,17.0543,309,47.3276,230,35.6181,77,17.4567,302,46.8551,271,35.6882,41,76.17,339,-0.79,286,-0.05,181,-1.52,341,-2.35,362,-1.44,333,-0.61,229,1.3382,208,29.98,228,0.1757,219,35.7494,73,53.1622,126,71.5753,217,9.0072,199,0.1121,58,6.3528,76,53.0425,159,42.7297,121,33.4615,150,52.61,221,74.8047,306,8.9826,147,0.0925,152,7.5206,142,55.0968,255,44.3939,327,Scheels Center,Fargo,ND
Wright St.,14,140,Clint Sargent,23,11,2026,FALSE,112.057,117,110.013,193,67.1597,192,0.0088,166,115.481,57,108.877,190,69.0191,148,54.4212,59,16.2847,154,33.2072,88,37.9957,104,52.0844,219,16.5103,184,29.1822,121,33.5115,140,20.6331,139,52.755,72,26.612,294,19.2292,221,54.0406,23,26.7302,327,76.95,251,-0.85,295,-1.41,316,-0.29,226,0.01,177,-0.55,254,0.16,164,1.2,239,36.16,70,0.3135,118,36.1465,50,54.5234,75,74.4711,103,11.3636,69,0.1024,116,6.4959,90,47.0067,302,33.6549,305,33.6463,166,52.9221,236,74.0032,268,8.9661,146,0.0979,225,6.2703,306,44.6367,19,34.1529,35,Nutter Center,Dayton,OH
Penn,14,150,Fran McCaffery,18,11,2026,FALSE,107.363,204,105.894,111,69.0438,87,0.0679,34,107.408,199,105.745,106,68.8241,158,50.3295,225,15.441,98,30.3207,190,35.1708,174,51.72,197,17.7572,114,30.5274,182,27.4614,26,19.5402,197,47.9885,212,32.4713,153,15.0925,354,54.2356,21,30.6719,206,77.77,113,0.42,121,-0.56,232,1.4,39,0.15,158,1.16,56,-0.16,194,1.2287,233,30.08,224,0.3806,75,38.6986,11,46.1751,346,69.506,284,8.4961,230,0.0952,174,6.7426,132,52.6823,172,34.991,274,31.7221,55,54.3945,292,66.9546,2,9.4009,178,0.087,89,8.2352,56,53.8462,221,39.2645,179,The Palestra,Philadelphia,PA
Kennesaw St.,14,163,Antoine Pettway,21,13,2026,FALSE,110.636,143,110.064,194,71.1569,19,0.0085,167,110.966,123,108.167,170,71.8683,27,50.7192,204,16.737,180,35.4701,39,45.1252,7,48.5014,50,16.0693,222,31.2609,214,47.4659,358,23.7485,26,43.5723,318,32.6792,148,26.7791,1,43.8503,337,29.3706,262,78.34,46,0.07,167,-0.56,232,0.69,98,1.22,56,1.45,45,2.06,21,1.2269,234,37.27,47,0.3024,127,33.7469,187,50.7937,219,70.0118,270,14.7396,13,0.0926,191,5.6977,24,51.348,207,42.9409,114,33.9031,176,47.0432,29,74.7417,304,13.0719,356,0.1104,322,6.8105,236,49.2866,100,38.2561,145,KSU Convocation Center,Kennesaw,GA
Idaho,15,145,Alex Pribble,21,14,2026,FALSE,108.842,176,107.309,136,67.7163,156,-0.0123,217,110.399,130,106.798,132,69.2371,130,51.8957,151,15.0126,63,28.8947,237,34.8078,188,50.3291,121,15.1924,271,24.2259,5,39.2211,290,19.6494,187,42.8047,332,37.5459,37,22.5084,62,48.7331,196,28.7584,276,77.24,200,0.22,145,0.72,92,-0.29,225,-0.57,262,-0.57,257,0.07,180,1.5758,144,32,174,0.3324,106,34.5332,148,51.9802,169,72.9198,173,6.234,335,0.0809,290,6.1129,50,44.4712,340,46.8141,34,34.816,239,49.2741,74,74.5455,298,9.1089,155,0.089,109,7.1018,198,45.6468,27,35.7652,67,ICCU Arena,Moscow,ID
Queens,15,181,Grant Leonard,21,13,2026,FALSE,115.771,77,117.209,322,69.5919,65,0.0666,37,119.278,24,116.775,343,70.7192,65,56.5948,15,14.8372,54,30.4309,184,36.3089,148,53.9742,301,15.0497,286,33.0156,301,38.7481,276,19.3641,208,44.7303,291,35.9057,72,20.809,122,48.0321,222,31.1589,185,78.32,48,0.67,91,-0.26,202,1.6,25,0.55,111,1.56,26,1.33,70,1.3122,216,31.66,185,0.3661,90,35.9057,68,59.0009,13,74.8619,92,7.9704,261,0.0825,276,5.7818,32,54.5265,124,46.7904,35,35.804,294,54.1495,281,73.2051,234,9.1423,156,0.0906,128,6.8021,239,47.7754,65,39.543,187,Curry Arena,Charlotte,NC
UMBC,15,185,Jim Ferry,24,8,2026,FALSE,108.224,183,109.89,192,66.188,242,0.046,68,112.775,92,101.481,41,66.4161,279,53.9279,72,14.0899,27,25.1046,340,33.7862,222,49.1521,75,15.1852,272,25.6983,15,25.1555,8,19.3106,210,49.4034,166,31.2859,188,14.7131,359,53.6538,28,31.6332,168,77.15,214,-0.36,220,-0.24,201,-0.49,250,-0.74,277,-0.39,228,0.79,110,1.1651,247,29.55,241,0.2684,156,35.9209,67,53.9575,90,76.3986,43,6.5395,327,0.0722,341,6.1239,51,45.0314,335,38.8069,195,32.1856,74,49.6821,89,67.4157,4,6.4672,10,0.0797,38,7.966,81,42.7822,10,37.7614,122,Chesapeake Employers Insurance Arena,Baltimore,MD
Tennessee St.,15,187,Nolan Smith,23,9,2026,FALSE,109.085,173,110.911,212,70.1975,36,0.0698,31,110.224,133,103.968,76,70.5659,74,50.1111,232,16.5446,169,34.9251,50,33.5,226,51.2369,176,20.0482,24,29.8569,151,41.6203,317,20.318,158,55.0353,34,24.6466,330,22.7146,51,50,138,27.2854,315,76.95,253,-1.11,322,-1.56,324,-0.67,270,0.66,94,0.49,127,-1.01,281,1.6757,119,26.92,293,0.3992,63,33.6957,190,49.9199,257,76.2852,47,10.1449,131,0.1275,12,6.3259,74,45.3646,331,30.6667,345,33.5052,155,51.7874,187,72.3626,180,7.5321,33,0.1022,265,7.2991,172,49.658,106,35.9926,79,Gentry Center,Nashville,TN
Furman,15,191,Bob Richey,22,12,2026,FALSE,107.451,200,109.43,181,65.8575,263,0.01,159,111.749,108,107.216,141,66.4903,275,54.793,46,17.842,261,30.957,170,32.1044,257,50.1078,110,13.6693,342,27.5286,52,28.9332,45,16.9746,312,47.9587,213,35.0666,84,16.8529,321,49.0836,178,34.0635,81,79.18,5,1.06,53,1.44,45,0.67,100,1.66,20,2.13,10,3.19,3,1.1708,244,32.82,149,0.4597,30,33.2925,211,58.9852,14,69.788,276,9.3692,174,0.0657,354,6.5229,95,55.7831,93,46.3415,41,32.6478,97,50.9276,135,70.2048,58,10.7822,290,0.1132,340,7.0985,199,46.8244,48,41.9181,269,Timmons Arena,Greenville,SC
Siena,16,192,Gerry McNamara,23,11,2026,FALSE,107.134,210,109.231,175,64.6233,319,0.005,177,109.691,143,101.817,43,64.3061,350,50.5579,214,16.0022,140,31.9188,127,34.2189,204,48.6118,53,17.0964,150,29.0267,107,27.2394,24,20.6422,137,56.4637,19,22.8941,350,16.8831,320,50.0672,133,33.0497,110,76.73,278,-0.4,227,-0.47,227,-0.34,230,0.38,125,-0.54,253,-2.21,344,1.1635,248,24.29,333,0.4767,26,30.4493,334,52.8493,138,76.8634,35,9.1458,184,0.0898,218,5.6988,25,53.0233,161,31.9341,329,32.8,106,48.2312,47,72.5,189,9.6019,200,0.103,272,8.1151,66,48.323,78,39.2876,181,MVP Arena,Albany,NY
Howard,16,207,Kenny Blakeney,23,10,2026,FALSE,103.142,283,106.331,117,68.9954,89,-0.0095,210,108.178,180,97.7217,12,69.1643,137,50.6161,212,19.8135,343,36.6183,20,44.1774,11,47.3765,30,21.2536,8,32.0197,255,38.3333,268,24.4598,16,48.9195,188,26.6207,292,21.9227,77,52.5941,48,25.4832,345,76.23,337,-1.78,354,-1.43,319,-2.13,356,-0.34,227,0.18,154,-1.94,331,1.3335,211,27.63,283,0.0622,307,34.7122,138,49.8594,262,74.198,117,10.5607,109,0.1241,19,11.322,365,61.1034,25,34.2575,288,30.3636,18,48.3178,48,69.4042,32,11.059,307,0.0849,74,8.8391,24,46.9298,49,33.9506,33,Burr Arena,Washington,DC
LIU,16,216,Rod Strickland,24,10,2026,FALSE,105.631,239,109.582,186,67.7741,154,0.1039,12,108.425,174,103.621,70,68.1388,193,53.2973,90,19.0091,320,34.2806,64,34.7244,191,49.7963,91,18.9231,54,32.6069,289,34.1141,153,17.8642,277,57.9595,9,24.1763,338,19.1067,225,55.0868,14,25.8065,340,77.43,167,-1.93,358,-2.24,358,-1.62,346,-0.34,227,1.56,26,2.98,5,1.1135,258,21.99,348,0.4624,29,36.121,51,52.9369,133,66.7656,344,13.9482,14,0.1144,44,8.5154,329,49.732,245,28.9541,355,31.9018,62,50.7622,129,68.9552,19,8.1218,72,0.1049,283,7.4832,148,49.1991,94,33.1976,22,Steinberg Wellness Center,Brooklyn,NY
Lehigh,16,284,Brett Reed,18,16,2026,FALSE,102.717,290,113.086,257,66.8824,205,0.081,23,105.141,249,108.416,175,66.5697,265,53.2847,91,17.4797,235,22.7799,351,32.1729,256,50.6059,136,16.2539,210,31.7273,241,32.824,123,18.0484,272,49.8273,152,32.1244,163,19.5898,196,55.1695,13,25.2407,347,76.66,288,-0.5,238,-0.4,221,-0.59,261,-1.35,331,-0.65,269,-0.56,226,1.2743,226,29.88,231,0.5149,21,36.4706,39,52.4069,154,72.9494,171,7.7761,274,0.0967,158,5.4936,12,54.303,131,38.1808,207,32.8431,108,51.2442,153,75.1204,318,7.7203,42,0.1199,353,6.5833,270,45.3488,23,32.2445,12,Stabler Arena,Bethlehem,PA
Prairie View A&M,16,288,Byron Smith,18,17,2026,FALSE,101.205,310,111.898,232,70.938,23,0.0132,147,103.79,276,106.745,130,72.8256,13,47.8758,315,16.0204,143,27.1845,291,42.756,24,50.4087,126,19.1097,47,34.692,332,43.9237,344,25.1278,9,50.8518,129,24.0204,342,24.0246,20,50.1027,132,25.8727,338,76.59,299,-0.89,302,-1.15,296,-0.63,266,-0.95,299,-0.51,252,-0.65,233,1.009,283,25.83,313,0.0262,321,33.0986,224,47.082,331,75.1592,76,11.9741,50,0.0953,172,7.1496,177,44.0764,346,30.9368,341,35.0584,250,49.3528,79,72.5806,196,8.2019,76,0.0887,106,9.5769,6,48.4146,80,32.6431,17,William Nicks Building,Prairie View,TX
,,,,,,,,,,,,,,,,,,,,,,,,,,,,,,,,,,,,,,,,,,,,,,,,,,,,,,,,,,,,,,,,,,,,,,,,,,,,,,,,,,,,,,,,,,,,,,,,,,,,,,,,
,,,,,,,,,,,,,,,,,,,,,,,,,,,,,,,,,,,,,,,,,,,,,,,,,,,,,,,,,,,,,,,,,,,,,,,,,,,,,,,,,,,,,,,,,,,,,,,,,,,,,,,,
,,,,,,,,,,,,,,,,,,,,,,,,,,,,,,,,,,,,,,,,,,,,,,,,,,,,,,,,,,,,,,,,,,,,,,,,,,,,,,,,,,,,,,,,,,,,,,,,,,,,,,,,
,,,,,,,,,,,,,,,,,,,,,,,,,,,,,,,,,,,,,,,,,,,,,,,,,,,,,,,,,,,,,,,,,,,,,,,,,,,,,,,,,,,,,,,,,,,,,,,,,,,,,,,,
,,,,,,,,,,,,,,,,,,,,,,,,,,,,,,,,,,,,,,,,,,,,,,,,,,,,,,,,,,,,,,,,,,,,,,,,,,,,,,,,,,,,,,,,,,,,,,,,,,,,,,,,
,,,,,,,,,,,,,,,,,,,,,,,,,,,,,,,,,,,,,,,,,,,,,,,,,,,,,,,,,,,,,,,,,,,,,,,,,,,,,,,,,,,,,,,,,,,,,,,,,,,,,,,,
,,,,,,,,,,,,,,,,,,,,,,,,,,,,,,,,,,,,,,,,,,,,,,,,,,,,,,,,,,,,,,,,,,,,,,,,,,,,,,,,,,,,,,,,,,,,,,,,,,,,,,,,
,,,,,,,,,,,,,,,,,,,,,,,,,,,,,,,,,,,,,,,,,,,,,,,,,,,,,,,,,,,,,,,,,,,,,,,,,,,,,,,,,,,,,,,,,,,,,,,,,,,,,,,,
,,,,,,,,,,,,,,,,,,,,,,,,,,,,,,,,,,,,,,,,,,,,,,,,,,,,,,,,,,,,,,,,,,,,,,,,,,,,,,,,,,,,,,,,,,,,,,,,,,,,,,,,
,,,,,,,,,,,,,,,,,,,,,,,,,,,,,,,,,,,,,,,,,,,,,,,,,,,,,,,,,,,,,,,,,,,,,,,,,,,,,,,,,,,,,,,,,,,,,,,,,,,,,,,,
,,,,,,,,,,,,,,,,,,,,,,,,,,,,,,,,,,,,,,,,,,,,,,,,,,,,,,,,,,,,,,,,,,,,,,,,,,,,,,,,,,,,,,,,,,,,,,,,,,,,,,,,
,,,,,,,,,,,,,,,,,,,,,,,,,,,,,,,,,,,,,,,,,,,,,,,,,,,,,,,,,,,,,,,,,,,,,,,,,,,,,,,,,,,,,,,,,,,,,,,,,,,,,,,,
,,,,,,,,,,,,,,,,,,,,,,,,,,,,,,,,,,,,,,,,,,,,,,,,,,,,,,,,,,,,,,,,,,,,,,,,,,,,,,,,,,,,,,,,,,,,,,,,,,,,,,,,
,,,,,,,,,,,,,,,,,,,,,,,,,,,,,,,,,,,,,,,,,,,,,,,,,,,,,,,,,,,,,,,,,,,,,,,,,,,,,,,,,,,,,,,,,,,,,,,,,,,,,,,,
,,,,,,,,,,,,,,,,,,,,,,,,,,,,,,,,,,,,,,,,,,,,,,,,,,,,,,,,,,,,,,,,,,,,,,,,,,,,,,,,,,,,,,,,,,,,,,,,,,,,,,,,
,,,,,,,,,,,,,,,,,,,,,,,,,,,,,,,,,,,,,,,,,,,,,,,,,,,,,,,,,,,,,,,,,,,,,,,,,,,,,,,,,,,,,,,,,,,,,,,,,,,,,,,,
,,,,,,,,,,,,,,,,,,,,,,,,,,,,,,,,,,,,,,,,,,,,,,,,,,,,,,,,,,,,,,,,,,,,,,,,,,,,,,,,,,,,,,,,,,,,,,,,,,,,,,,,
,,,,,,,,,,,,,,,,,,,,,,,,,,,,,,,,,,,,,,,,,,,,,,,,,,,,,,,,,,,,,,,,,,,,,,,,,,,,,,,,,,,,,,,,,,,,,,,,,,,,,,,,
,,,,,,,,,,,,,,,,,,,,,,,,,,,,,,,,,,,,,,,,,,,,,,,,,,,,,,,,,,,,,,,,,,,,,,,,,,,,,,,,,,,,,,,,,,,,,,,,,,,,,,,,
,,,,,,,,,,,,,,,,,,,,,,,,,,,,,,,,,,,,,,,,,,,,,,,,,,,,,,,,,,,,,,,,,,,,,,,,,,,,,,,,,,,,,,,,,,,,,,,,,,,,,,,,
,,,,,,,,,,,,,,,,,,,,,,,,,,,,,,,,,,,,,,,,,,,,,,,,,,,,,,,,,,,,,,,,,,,,,,,,,,,,,,,,,,,,,,,,,,,,,,,,,,,,,,,,
,,,,,,,,,,,,,,,,,,,,,,,,,,,,,,,,,,,,,,,,,,,,,,,,,,,,,,,,,,,,,,,,,,,,,,,,,,,,,,,,,,,,,,,,,,,,,,,,,,,,,,,,
,,,,,,,,,,,,,,,,,,,,,,,,,,,,,,,,,,,,,,,,,,,,,,,,,,,,,,,,,,,,,,,,,,,,,,,,,,,,,,,,,,,,,,,,,,,,,,,,,,,,,,,,
,,,,,,,,,,,,,,,,,,,,,,,,,,,,,,,,,,,,,,,,,,,,,,,,,,,,,,,,,,,,,,,,,,,,,,,,,,,,,,,,,,,,,,,,,,,,,,,,,,,,,,,,
,,,,,,,,,,,,,,,,,,,,,,,,,,,,,,,,,,,,,,,,,,,,,,,,,,,,,,,,,,,,,,,,,,,,,,,,,,,,,,,,,,,,,,,,,,,,,,,,,,,,,,,,
,,,,,,,,,,,,,,,,,,,,,,,,,,,,,,,,,,,,,,,,,,,,,,,,,,,,,,,,,,,,,,,,,,,,,,,,,,,,,,,,,,,,,,,,,,,,,,,,,,,,,,,,
,,,,,,,,,,,,,,,,,,,,,,,,,,,,,,,,,,,,,,,,,,,,,,,,,,,,,,,,,,,,,,,,,,,,,,,,,,,,,,,,,,,,,,,,,,,,,,,,,,,,,,,,
,,,,,,,,,,,,,,,,,,,,,,,,,,,,,,,,,,,,,,,,,,,,,,,,,,,,,,,,,,,,,,,,,,,,,,,,,,,,,,,,,,,,,,,,,,,,,,,,,,,,,,,,
,,,,,,,,,,,,,,,,,,,,,,,,,,,,,,,,,,,,,,,,,,,,,,,,,,,,,,,,,,,,,,,,,,,,,,,,,,,,,,,,,,,,,,,,,,,,,,,,,,,,,,,,
,,,,,,,,,,,,,,,,,,,,,,,,,,,,,,,,,,,,,,,,,,,,,,,,,,,,,,,,,,,,,,,,,,,,,,,,,,,,,,,,,,,,,,,,,,,,,,,,,,,,,,,,
,,,,,,,,,,,,,,,,,,,,,,,,,,,,,,,,,,,,,,,,,,,,,,,,,,,,,,,,,,,,,,,,,,,,,,,,,,,,,,,,,,,,,,,,,,,,,,,,,,,,,,,,
,,,,,,,,,,,,,,,,,,,,,,,,,,,,,,,,,,,,,,,,,,,,,,,,,,,,,,,,,,,,,,,,,,,,,,,,,,,,,,,,,,,,,,,,,,,,,,,,,,,,,,,,
,,,,,,,,,,,,,,,,,,,,,,,,,,,,,,,,,,,,,,,,,,,,,,,,,,,,,,,,,,,,,,,,,,,,,,,,,,,,,,,,,,,,,,,,,,,,,,,,,,,,,,,,
,,,,,,,,,,,,,,,,,,,,,,,,,,,,,,,,,,,,,,,,,,,,,,,,,,,,,,,,,,,,,,,,,,,,,,,,,,,,,,,,,,,,,,,,,,,,,,,,,,,,,,,,
,,,,,,,,,,,,,,,,,,,,,,,,,,,,,,,,,,,,,,,,,,,,,,,,,,,,,,,,,,,,,,,,,,,,,,,,,,,,,,,,,,,,,,,,,,,,,,,,,,,,,,,,
,,,,,,,,,,,,,,,,,,,,,,,,,,,,,,,,,,,,,,,,,,,,,,,,,,,,,,,,,,,,,,,,,,,,,,,,,,,,,,,,,,,,,,,,,,,,,,,,,,,,,,,,
,,,,,,,,,,,,,,,,,,,,,,,,,,,,,,,,,,,,,,,,,,,,,,,,,,,,,,,,,,,,,,,,,,,,,,,,,,,,,,,,,,,,,,,,,,,,,,,,,,,,,,,,
,,,,,,,,,,,,,,,,,,,,,,,,,,,,,,,,,,,,,,,,,,,,,,,,,,,,,,,,,,,,,,,,,,,,,,,,,,,,,,,,,,,,,,,,,,,,,,,,,,,,,,,,
,,,,,,,,,,,,,,,,,,,,,,,,,,,,,,,,,,,,,,,,,,,,,,,,,,,,,,,,,,,,,,,,,,,,,,,,,,,,,,,,,,,,,,,,,,,,,,,,,,,,,,,,
,,,,,,,,,,,,,,,,,,,,,,,,,,,,,,,,,,,,,,,,,,,,,,,,,,,,,,,,,,,,,,,,,,,,,,,,,,,,,,,,,,,,,,,,,,,,,,,,,,,,,,,,
,,,,,,,,,,,,,,,,,,,,,,,,,,,,,,,,,,,,,,,,,,,,,,,,,,,,,,,,,,,,,,,,,,,,,,,,,,,,,,,,,,,,,,,,,,,,,,,,,,,,,,,,
,,,,,,,,,,,,,,,,,,,,,,,,,,,,,,,,,,,,,,,,,,,,,,,,,,,,,,,,,,,,,,,,,,,,,,,,,,,,,,,,,,,,,,,,,,,,,,,,,,,,,,,,
,,,,,,,,,,,,,,,,,,,,,,,,,,,,,,,,,,,,,,,,,,,,,,,,,,,,,,,,,,,,,,,,,,,,,,,,,,,,,,,,,,,,,,,,,,,,,,,,,,,,,,,,
,,,,,,,,,,,,,,,,,,,,,,,,,,,,,,,,,,,,,,,,,,,,,,,,,,,,,,,,,,,,,,,,,,,,,,,,,,,,,,,,,,,,,,,,,,,,,,,,,,,,,,,,
,,,,,,,,,,,,,,,,,,,,,,,,,,,,,,,,,,,,,,,,,,,,,,,,,,,,,,,,,,,,,,,,,,,,,,,,,,,,,,,,,,,,,,,,,,,,,,,,,,,,,,,,
,,,,,,,,,,,,,,,,,,,,,,,,,,,,,,,,,,,,,,,,,,,,,,,,,,,,,,,,,,,,,,,,,,,,,,,,,,,,,,,,,,,,,,,,,,,,,,,,,,,,,,,,
,,,,,,,,,,,,,,,,,,,,,,,,,,,,,,,,,,,,,,,,,,,,,,,,,,,,,,,,,,,,,,,,,,,,,,,,,,,,,,,,,,,,,,,,,,,,,,,,,,,,,,,,
,,,,,,,,,,,,,,,,,,,,,,,,,,,,,,,,,,,,,,,,,,,,,,,,,,,,,,,,,,,,,,,,,,,,,,,,,,,,,,,,,,,,,,,,,,,,,,,,,,,,,,,,
,,,,,,,,,,,,,,,,,,,,,,,,,,,,,,,,,,,,,,,,,,,,,,,,,,,,,,,,,,,,,,,,,,,,,,,,,,,,,,,,,,,,,,,,,,,,,,,,,,,,,,,,
,,,,,,,,,,,,,,,,,,,,,,,,,,,,,,,,,,,,,,,,,,,,,,,,,,,,,,,,,,,,,,,,,,,,,,,,,,,,,,,,,,,,,,,,,,,,,,,,,,,,,,,,
,,,,,,,,,,,,,,,,,,,,,,,,,,,,,,,,,,,,,,,,,,,,,,,,,,,,,,,,,,,,,,,,,,,,,,,,,,,,,,,,,,,,,,,,,,,,,,,,,,,,,,,,
,,,,,,,,,,,,,,,,,,,,,,,,,,,,,,,,,,,,,,,,,,,,,,,,,,,,,,,,,,,,,,,,,,,,,,,,,,,,,,,,,,,,,,,,,,,,,,,,,,,,,,,,
,,,,,,,,,,,,,,,,,,,,,,,,,,,,,,,,,,,,,,,,,,,,,,,,,,,,,,,,,,,,,,,,,,,,,,,,,,,,,,,,,,,,,,,,,,,,,,,,,,,,,,,,
,,,,,,,,,,,,,,,,,,,,,,,,,,,,,,,,,,,,,,,,,,,,,,,,,,,,,,,,,,,,,,,,,,,,,,,,,,,,,,,,,,,,,,,,,,,,,,,,,,,,,,,,
,,,,,,,,,,,,,,,,,,,,,,,,,,,,,,,,,,,,,,,,,,,,,,,,,,,,,,,,,,,,,,,,,,,,,,,,,,,,,,,,,,,,,,,,,,,,,,,,,,,,,,,,
,,,,,,,,,,,,,,,,,,,,,,,,,,,,,,,,,,,,,,,,,,,,,,,,,,,,,,,,,,,,,,,,,,,,,,,,,,,,,,,,,,,,,,,,,,,,,,,,,,,,,,,,
,,,,,,,,,,,,,,,,,,,,,,,,,,,,,,,,,,,,,,,,,,,,,,,,,,,,,,,,,,,,,,,,,,,,,,,,,,,,,,,,,,,,,,,,,,,,,,,,,,,,,,,,
,,,,,,,,,,,,,,,,,,,,,,,,,,,,,,,,,,,,,,,,,,,,,,,,,,,,,,,,,,,,,,,,,,,,,,,,,,,,,,,,,,,,,,,,,,,,,,,,,,,,,,,,
,,,,,,,,,,,,,,,,,,,,,,,,,,,,,,,,,,,,,,,,,,,,,,,,,,,,,,,,,,,,,,,,,,,,,,,,,,,,,,,,,,,,,,,,,,,,,,,,,,,,,,,,
,,,,,,,,,,,,,,,,,,,,,,,,,,,,,,,,,,,,,,,,,,,,,,,,,,,,,,,,,,,,,,,,,,,,,,,,,,,,,,,,,,,,,,,,,,,,,,,,,,,,,,,,
,,,,,,,,,,,,,,,,,,,,,,,,,,,,,,,,,,,,,,,,,,,,,,,,,,,,,,,,,,,,,,,,,,,,,,,,,,,,,,,,,,,,,,,,,,,,,,,,,,,,,,,,
,,,,,,,,,,,,,,,,,,,,,,,,,,,,,,,,,,,,,,,,,,,,,,,,,,,,,,,,,,,,,,,,,,,,,,,,,,,,,,,,,,,,,,,,,,,,,,,,,,,,,,,,
,,,,,,,,,,,,,,,,,,,,,,,,,,,,,,,,,,,,,,,,,,,,,,,,,,,,,,,,,,,,,,,,,,,,,,,,,,,,,,,,,,,,,,,,,,,,,,,,,,,,,,,,
,,,,,,,,,,,,,,,,,,,,,,,,,,,,,,,,,,,,,,,,,,,,,,,,,,,,,,,,,,,,,,,,,,,,,,,,,,,,,,,,,,,,,,,,,,,,,,,,,,,,,,,,
,,,,,,,,,,,,,,,,,,,,,,,,,,,,,,,,,,,,,,,,,,,,,,,,,,,,,,,,,,,,,,,,,,,,,,,,,,,,,,,,,,,,,,,,,,,,,,,,,,,,,,,,
,,,,,,,,,,,,,,,,,,,,,,,,,,,,,,,,,,,,,,,,,,,,,,,,,,,,,,,,,,,,,,,,,,,,,,,,,,,,,,,,,,,,,,,,,,,,,,,,,,,,,,,,
,,,,,,,,,,,,,,,,,,,,,,,,,,,,,,,,,,,,,,,,,,,,,,,,,,,,,,,,,,,,,,,,,,,,,,,,,,,,,,,,,,,,,,,,,,,,,,,,,,,,,,,,
,,,,,,,,,,,,,,,,,,,,,,,,,,,,,,,,,,,,,,,,,,,,,,,,,,,,,,,,,,,,,,,,,,,,,,,,,,,,,,,,,,,,,,,,,,,,,,,,,,,,,,,,
,,,,,,,,,,,,,,,,,,,,,,,,,,,,,,,,,,,,,,,,,,,,,,,,,,,,,,,,,,,,,,,,,,,,,,,,,,,,,,,,,,,,,,,,,,,,,,,,,,,,,,,,
,,,,,,,,,,,,,,,,,,,,,,,,,,,,,,,,,,,,,,,,,,,,,,,,,,,,,,,,,,,,,,,,,,,,,,,,,,,,,,,,,,,,,,,,,,,,,,,,,,,,,,,,
,,,,,,,,,,,,,,,,,,,,,,,,,,,,,,,,,,,,,,,,,,,,,,,,,,,,,,,,,,,,,,,,,,,,,,,,,,,,,,,,,,,,,,,,,,,,,,,,,,,,,,,,
,,,,,,,,,,,,,,,,,,,,,,,,,,,,,,,,,,,,,,,,,,,,,,,,,,,,,,,,,,,,,,,,,,,,,,,,,,,,,,,,,,,,,,,,,,,,,,,,,,,,,,,,
,,,,,,,,,,,,,,,,,,,,,,,,,,,,,,,,,,,,,,,,,,,,,,,,,,,,,,,,,,,,,,,,,,,,,,,,,,,,,,,,,,,,,,,,,,,,,,,,,,,,,,,,
,,,,,,,,,,,,,,,,,,,,,,,,,,,,,,,,,,,,,,,,,,,,,,,,,,,,,,,,,,,,,,,,,,,,,,,,,,,,,,,,,,,,,,,,,,,,,,,,,,,,,,,,
,,,,,,,,,,,,,,,,,,,,,,,,,,,,,,,,,,,,,,,,,,,,,,,,,,,,,,,,,,,,,,,,,,,,,,,,,,,,,,,,,,,,,,,,,,,,,,,,,,,,,,,,
,,,,,,,,,,,,,,,,,,,,,,,,,,,,,,,,,,,,,,,,,,,,,,,,,,,,,,,,,,,,,,,,,,,,,,,,,,,,,,,,,,,,,,,,,,,,,,,,,,,,,,,,
,,,,,,,,,,,,,,,,,,,,,,,,,,,,,,,,,,,,,,,,,,,,,,,,,,,,,,,,,,,,,,,,,,,,,,,,,,,,,,,,,,,,,,,,,,,,,,,,,,,,,,,,
,,,,,,,,,,,,,,,,,,,,,,,,,,,,,,,,,,,,,,,,,,,,,,,,,,,,,,,,,,,,,,,,,,,,,,,,,,,,,,,,,,,,,,,,,,,,,,,,,,,,,,,,
,,,,,,,,,,,,,,,,,,,,,,,,,,,,,,,,,,,,,,,,,,,,,,,,,,,,,,,,,,,,,,,,,,,,,,,,,,,,,,,,,,,,,,,,,,,,,,,,,,,,,,,,
,,,,,,,,,,,,,,,,,,,,,,,,,,,,,,,,,,,,,,,,,,,,,,,,,,,,,,,,,,,,,,,,,,,,,,,,,,,,,,,,,,,,,,,,,,,,,,,,,,,,,,,,
,,,,,,,,,,,,,,,,,,,,,,,,,,,,,,,,,,,,,,,,,,,,,,,,,,,,,,,,,,,,,,,,,,,,,,,,,,,,,,,,,,,,,,,,,,,,,,,,,,,,,,,,
,,,,,,,,,,,,,,,,,,,,,,,,,,,,,,,,,,,,,,,,,,,,,,,,,,,,,,,,,,,,,,,,,,,,,,,,,,,,,,,,,,,,,,,,,,,,,,,,,,,,,,,,
,,,,,,,,,,,,,,,,,,,,,,,,,,,,,,,,,,,,,,,,,,,,,,,,,,,,,,,,,,,,,,,,,,,,,,,,,,,,,,,,,,,,,,,,,,,,,,,,,,,,,,,,
,,,,,,,,,,,,,,,,,,,,,,,,,,,,,,,,,,,,,,,,,,,,,,,,,,,,,,,,,,,,,,,,,,,,,,,,,,,,,,,,,,,,,,,,,,,,,,,,,,,,,,,,
,,,,,,,,,,,,,,,,,,,,,,,,,,,,,,,,,,,,,,,,,,,,,,,,,,,,,,,,,,,,,,,,,,,,,,,,,,,,,,,,,,,,,,,,,,,,,,,,,,,,,,,,
,,,,,,,,,,,,,,,,,,,,,,,,,,,,,,,,,,,,,,,,,,,,,,,,,,,,,,,,,,,,,,,,,,,,,,,,,,,,,,,,,,,,,,,,,,,,,,,,,,,,,,,,
,,,,,,,,,,,,,,,,,,,,,,,,,,,,,,,,,,,,,,,,,,,,,,,,,,,,,,,,,,,,,,,,,,,,,,,,,,,,,,,,,,,,,,,,,,,,,,,,,,,,,,,,
,,,,,,,,,,,,,,,,,,,,,,,,,,,,,,,,,,,,,,,,,,,,,,,,,,,,,,,,,,,,,,,,,,,,,,,,,,,,,,,,,,,,,,,,,,,,,,,,,,,,,,,,
,,,,,,,,,,,,,,,,,,,,,,,,,,,,,,,,,,,,,,,,,,,,,,,,,,,,,,,,,,,,,,,,,,,,,,,,,,,,,,,,,,,,,,,,,,,,,,,,,,,,,,,,
,,,,,,,,,,,,,,,,,,,,,,,,,,,,,,,,,,,,,,,,,,,,,,,,,,,,,,,,,,,,,,,,,,,,,,,,,,,,,,,,,,,,,,,,,,,,,,,,,,,,,,,,
,,,,,,,,,,,,,,,,,,,,,,,,,,,,,,,,,,,,,,,,,,,,,,,,,,,,,,,,,,,,,,,,,,,,,,,,,,,,,,,,,,,,,,,,,,,,,,,,,,,,,,,,
,,,,,,,,,,,,,,,,,,,,,,,,,,,,,,,,,,,,,,,,,,,,,,,,,,,,,,,,,,,,,,,,,,,,,,,,,,,,,,,,,,,,,,,,,,,,,,,,,,,,,,,,
,,,,,,,,,,,,,,,,,,,,,,,,,,,,,,,,,,,,,,,,,,,,,,,,,,,,,,,,,,,,,,,,,,,,,,,,,,,,,,,,,,,,,,,,,,,,,,,,,,,,,,,,
,,,,,,,,,,,,,,,,,,,,,,,,,,,,,,,,,,,,,,,,,,,,,,,,,,,,,,,,,,,,,,,,,,,,,,,,,,,,,,,,,,,,,,,,,,,,,,,,,,,,,,,,
,,,,,,,,,,,,,,,,,,,,,,,,,,,,,,,,,,,,,,,,,,,,,,,,,,,,,,,,,,,,,,,,,,,,,,,,,,,,,,,,,,,,,,,,,,,,,,,,,,,,,,,,
,,,,,,,,,,,,,,,,,,,,,,,,,,,,,,,,,,,,,,,,,,,,,,,,,,,,,,,,,,,,,,,,,,,,,,,,,,,,,,,,,,,,,,,,,,,,,,,,,,,,,,,,
,,,,,,,,,,,,,,,,,,,,,,,,,,,,,,,,,,,,,,,,,,,,,,,,,,,,,,,,,,,,,,,,,,,,,,,,,,,,,,,,,,,,,,,,,,,,,,,,,,,,,,,,
,,,,,,,,,,,,,,,,,,,,,,,,,,,,,,,,,,,,,,,,,,,,,,,,,,,,,,,,,,,,,,,,,,,,,,,,,,,,,,,,,,,,,,,,,,,,,,,,,,,,,,,,
,,,,,,,,,,,,,,,,,,,,,,,,,,,,,,,,,,,,,,,,,,,,,,,,,,,,,,,,,,,,,,,,,,,,,,,,,,,,,,,,,,,,,,,,,,,,,,,,,,,,,,,,
,,,,,,,,,,,,,,,,,,,,,,,,,,,,,,,,,,,,,,,,,,,,,,,,,,,,,,,,,,,,,,,,,,,,,,,,,,,,,,,,,,,,,,,,,,,,,,,,,,,,,,,,
,,,,,,,,,,,,,,,,,,,,,,,,,,,,,,,,,,,,,,,,,,,,,,,,,,,,,,,,,,,,,,,,,,,,,,,,,,,,,,,,,,,,,,,,,,,,,,,,,,,,,,,,
,,,,,,,,,,,,,,,,,,,,,,,,,,,,,,,,,,,,,,,,,,,,,,,,,,,,,,,,,,,,,,,,,,,,,,,,,,,,,,,,,,,,,,,,,,,,,,,,,,,,,,,,
,,,,,,,,,,,,,,,,,,,,,,,,,,,,,,,,,,,,,,,,,,,,,,,,,,,,,,,,,,,,,,,,,,,,,,,,,,,,,,,,,,,,,,,,,,,,,,,,,,,,,,,,
,,,,,,,,,,,,,,,,,,,,,,,,,,,,,,,,,,,,,,,,,,,,,,,,,,,,,,,,,,,,,,,,,,,,,,,,,,,,,,,,,,,,,,,,,,,,,,,,,,,,,,,,
,,,,,,,,,,,,,,,,,,,,,,,,,,,,,,,,,,,,,,,,,,,,,,,,,,,,,,,,,,,,,,,,,,,,,,,,,,,,,,,,,,,,,,,,,,,,,,,,,,,,,,,,
,,,,,,,,,,,,,,,,,,,,,,,,,,,,,,,,,,,,,,,,,,,,,,,,,,,,,,,,,,,,,,,,,,,,,,,,,,,,,,,,,,,,,,,,,,,,,,,,,,,,,,,,
,,,,,,,,,,,,,,,,,,,,,,,,,,,,,,,,,,,,,,,,,,,,,,,,,,,,,,,,,,,,,,,,,,,,,,,,,,,,,,,,,,,,,,,,,,,,,,,,,,,,,,,,
,,,,,,,,,,,,,,,,,,,,,,,,,,,,,,,,,,,,,,,,,,,,,,,,,,,,,,,,,,,,,,,,,,,,,,,,,,,,,,,,,,,,,,,,,,,,,,,,,,,,,,,,
,,,,,,,,,,,,,,,,,,,,,,,,,,,,,,,,,,,,,,,,,,,,,,,,,,,,,,,,,,,,,,,,,,,,,,,,,,,,,,,,,,,,,,,,,,,,,,,,,,,,,,,,
,,,,,,,,,,,,,,,,,,,,,,,,,,,,,,,,,,,,,,,,,,,,,,,,,,,,,,,,,,,,,,,,,,,,,,,,,,,,,,,,,,,,,,,,,,,,,,,,,,,,,,,,
,,,,,,,,,,,,,,,,,,,,,,,,,,,,,,,,,,,,,,,,,,,,,,,,,,,,,,,,,,,,,,,,,,,,,,,,,,,,,,,,,,,,,,,,,,,,,,,,,,,,,,,,
,,,,,,,,,,,,,,,,,,,,,,,,,,,,,,,,,,,,,,,,,,,,,,,,,,,,,,,,,,,,,,,,,,,,,,,,,,,,,,,,,,,,,,,,,,,,,,,,,,,,,,,,
,,,,,,,,,,,,,,,,,,,,,,,,,,,,,,,,,,,,,,,,,,,,,,,,,,,,,,,,,,,,,,,,,,,,,,,,,,,,,,,,,,,,,,,,,,,,,,,,,,,,,,,,
,,,,,,,,,,,,,,,,,,,,,,,,,,,,,,,,,,,,,,,,,,,,,,,,,,,,,,,,,,,,,,,,,,,,,,,,,,,,,,,,,,,,,,,,,,,,,,,,,,,,,,,,
,,,,,,,,,,,,,,,,,,,,,,,,,,,,,,,,,,,,,,,,,,,,,,,,,,,,,,,,,,,,,,,,,,,,,,,,,,,,,,,,,,,,,,,,,,,,,,,,,,,,,,,,
,,,,,,,,,,,,,,,,,,,,,,,,,,,,,,,,,,,,,,,,,,,,,,,,,,,,,,,,,,,,,,,,,,,,,,,,,,,,,,,,,,,,,,,,,,,,,,,,,,,,,,,,
,,,,,,,,,,,,,,,,,,,,,,,,,,,,,,,,,,,,,,,,,,,,,,,,,,,,,,,,,,,,,,,,,,,,,,,,,,,,,,,,,,,,,,,,,,,,,,,,,,,,,,,,
,,,,,,,,,,,,,,,,,,,,,,,,,,,,,,,,,,,,,,,,,,,,,,,,,,,,,,,,,,,,,,,,,,,,,,,,,,,,,,,,,,,,,,,,,,,,,,,,,,,,,,,,
,,,,,,,,,,,,,,,,,,,,,,,,,,,,,,,,,,,,,,,,,,,,,,,,,,,,,,,,,,,,,,,,,,,,,,,,,,,,,,,,,,,,,,,,,,,,,,,,,,,,,,,,
,,,,,,,,,,,,,,,,,,,,,,,,,,,,,,,,,,,,,,,,,,,,,,,,,,,,,,,,,,,,,,,,,,,,,,,,,,,,,,,,,,,,,,,,,,,,,,,,,,,,,,,,
,,,,,,,,,,,,,,,,,,,,,,,,,,,,,,,,,,,,,,,,,,,,,,,,,,,,,,,,,,,,,,,,,,,,,,,,,,,,,,,,,,,,,,,,,,,,,,,,,,,,,,,,
,,,,,,,,,,,,,,,,,,,,,,,,,,,,,,,,,,,,,,,,,,,,,,,,,,,,,,,,,,,,,,,,,,,,,,,,,,,,,,,,,,,,,,,,,,,,,,,,,,,,,,,,
,,,,,,,,,,,,,,,,,,,,,,,,,,,,,,,,,,,,,,,,,,,,,,,,,,,,,,,,,,,,,,,,,,,,,,,,,,,,,,,,,,,,,,,,,,,,,,,,,,,,,,,,
,,,,,,,,,,,,,,,,,,,,,,,,,,,,,,,,,,,,,,,,,,,,,,,,,,,,,,,,,,,,,,,,,,,,,,,,,,,,,,,,,,,,,,,,,,,,,,,,,,,,,,,,
,,,,,,,,,,,,,,,,,,,,,,,,,,,,,,,,,,,,,,,,,,,,,,,,,,,,,,,,,,,,,,,,,,,,,,,,,,,,,,,,,,,,,,,,,,,,,,,,,,,,,,,,
,,,,,,,,,,,,,,,,,,,,,,,,,,,,,,,,,,,,,,,,,,,,,,,,,,,,,,,,,,,,,,,,,,,,,,,,,,,,,,,,,,,,,,,,,,,,,,,,,,,,,,,,
,,,,,,,,,,,,,,,,,,,,,,,,,,,,,,,,,,,,,,,,,,,,,,,,,,,,,,,,,,,,,,,,,,,,,,,,,,,,,,,,,,,,,,,,,,,,,,,,,,,,,,,,
,,,,,,,,,,,,,,,,,,,,,,,,,,,,,,,,,,,,,,,,,,,,,,,,,,,,,,,,,,,,,,,,,,,,,,,,,,,,,,,,,,,,,,,,,,,,,,,,,,,,,,,,
,,,,,,,,,,,,,,,,,,,,,,,,,,,,,,,,,,,,,,,,,,,,,,,,,,,,,,,,,,,,,,,,,,,,,,,,,,,,,,,,,,,,,,,,,,,,,,,,,,,,,,,,
,,,,,,,,,,,,,,,,,,,,,,,,,,,,,,,,,,,,,,,,,,,,,,,,,,,,,,,,,,,,,,,,,,,,,,,,,,,,,,,,,,,,,,,,,,,,,,,,,,,,,,,,
,,,,,,,,,,,,,,,,,,,,,,,,,,,,,,,,,,,,,,,,,,,,,,,,,,,,,,,,,,,,,,,,,,,,,,,,,,,,,,,,,,,,,,,,,,,,,,,,,,,,,,,,
,,,,,,,,,,,,,,,,,,,,,,,,,,,,,,,,,,,,,,,,,,,,,,,,,,,,,,,,,,,,,,,,,,,,,,,,,,,,,,,,,,,,,,,,,,,,,,,,,,,,,,,,
,,,,,,,,,,,,,,,,,,,,,,,,,,,,,,,,,,,,,,,,,,,,,,,,,,,,,,,,,,,,,,,,,,,,,,,,,,,,,,,,,,,,,,,,,,,,,,,,,,,,,,,,
,,,,,,,,,,,,,,,,,,,,,,,,,,,,,,,,,,,,,,,,,,,,,,,,,,,,,,,,,,,,,,,,,,,,,,,,,,,,,,,,,,,,,,,,,,,,,,,,,,,,,,,,
,,,,,,,,,,,,,,,,,,,,,,,,,,,,,,,,,,,,,,,,,,,,,,,,,,,,,,,,,,,,,,,,,,,,,,,,,,,,,,,,,,,,,,,,,,,,,,,,,,,,,,,,
,,,,,,,,,,,,,,,,,,,,,,,,,,,,,,,,,,,,,,,,,,,,,,,,,,,,,,,,,,,,,,,,,,,,,,,,,,,,,,,,,,,,,,,,,,,,,,,,,,,,,,,,
,,,,,,,,,,,,,,,,,,,,,,,,,,,,,,,,,,,,,,,,,,,,,,,,,,,,,,,,,,,,,,,,,,,,,,,,,,,,,,,,,,,,,,,,,,,,,,,,,,,,,,,,
,,,,,,,,,,,,,,,,,,,,,,,,,,,,,,,,,,,,,,,,,,,,,,,,,,,,,,,,,,,,,,,,,,,,,,,,,,,,,,,,,,,,,,,,,,,,,,,,,,,,,,,,
,,,,,,,,,,,,,,,,,,,,,,,,,,,,,,,,,,,,,,,,,,,,,,,,,,,,,,,,,,,,,,,,,,,,,,,,,,,,,,,,,,,,,,,,,,,,,,,,,,,,,,,,
,,,,,,,,,,,,,,,,,,,,,,,,,,,,,,,,,,,,,,,,,,,,,,,,,,,,,,,,,,,,,,,,,,,,,,,,,,,,,,,,,,,,,,,,,,,,,,,,,,,,,,,,
,,,,,,,,,,,,,,,,,,,,,,,,,,,,,,,,,,,,,,,,,,,,,,,,,,,,,,,,,,,,,,,,,,,,,,,,,,,,,,,,,,,,,,,,,,,,,,,,,,,,,,,,
,,,,,,,,,,,,,,,,,,,,,,,,,,,,,,,,,,,,,,,,,,,,,,,,,,,,,,,,,,,,,,,,,,,,,,,,,,,,,,,,,,,,,,,,,,,,,,,,,,,,,,,,
,,,,,,,,,,,,,,,,,,,,,,,,,,,,,,,,,,,,,,,,,,,,,,,,,,,,,,,,,,,,,,,,,,,,,,,,,,,,,,,,,,,,,,,,,,,,,,,,,,,,,,,,
,,,,,,,,,,,,,,,,,,,,,,,,,,,,,,,,,,,,,,,,,,,,,,,,,,,,,,,,,,,,,,,,,,,,,,,,,,,,,,,,,,,,,,,,,,,,,,,,,,,,,,,,
,,,,,,,,,,,,,,,,,,,,,,,,,,,,,,,,,,,,,,,,,,,,,,,,,,,,,,,,,,,,,,,,,,,,,,,,,,,,,,,,,,,,,,,,,,,,,,,,,,,,,,,,
,,,,,,,,,,,,,,,,,,,,,,,,,,,,,,,,,,,,,,,,,,,,,,,,,,,,,,,,,,,,,,,,,,,,,,,,,,,,,,,,,,,,,,,,,,,,,,,,,,,,,,,,
,,,,,,,,,,,,,,,,,,,,,,,,,,,,,,,,,,,,,,,,,,,,,,,,,,,,,,,,,,,,,,,,,,,,,,,,,,,,,,,,,,,,,,,,,,,,,,,,,,,,,,,,
,,,,,,,,,,,,,,,,,,,,,,,,,,,,,,,,,,,,,,,,,,,,,,,,,,,,,,,,,,,,,,,,,,,,,,,,,,,,,,,,,,,,,,,,,,,,,,,,,,,,,,,,
,,,,,,,,,,,,,,,,,,,,,,,,,,,,,,,,,,,,,,,,,,,,,,,,,,,,,,,,,,,,,,,,,,,,,,,,,,,,,,,,,,,,,,,,,,,,,,,,,,,,,,,,
,,,,,,,,,,,,,,,,,,,,,,,,,,,,,,,,,,,,,,,,,,,,,,,,,,,,,,,,,,,,,,,,,,,,,,,,,,,,,,,,,,,,,,,,,,,,,,,,,,,,,,,,
,,,,,,,,,,,,,,,,,,,,,,,,,,,,,,,,,,,,,,,,,,,,,,,,,,,,,,,,,,,,,,,,,,,,,,,,,,,,,,,,,,,,,,,,,,,,,,,,,,,,,,,,
,,,,,,,,,,,,,,,,,,,,,,,,,,,,,,,,,,,,,,,,,,,,,,,,,,,,,,,,,,,,,,,,,,,,,,,,,,,,,,,,,,,,,,,,,,,,,,,,,,,,,,,,
,,,,,,,,,,,,,,,,,,,,,,,,,,,,,,,,,,,,,,,,,,,,,,,,,,,,,,,,,,,,,,,,,,,,,,,,,,,,,,,,,,,,,,,,,,,,,,,,,,,,,,,,
,,,,,,,,,,,,,,,,,,,,,,,,,,,,,,,,,,,,,,,,,,,,,,,,,,,,,,,,,,,,,,,,,,,,,,,,,,,,,,,,,,,,,,,,,,,,,,,,,,,,,,,,
